id,code,name,parent_id:id
wzfl1657,1,材料类,
wzfl1660,3,燃料类,
wzfl1667,2,轮胎类,
wzfl1678,4,北京现代配件,
wzfl1786,9,点钞收入类,
wzfl1836,5,景逸（出租车）,
wzfl1658,,汽配类,wzfl1657
wzfl1666,,五交化类,wzfl1657
wzfl1676,30,轮胎,wzfl1667
wzfl1677,29,燃料,wzfl1660
wzfl1679,,索纳塔2.0,wzfl1678
wzfl1680,,依兰特,wzfl1678
wzfl1681,,途胜,wzfl1678
wzfl1684,,油品类,wzfl1678
wzfl1740,B,高级轮胎,wzfl1667
wzfl1741,A,高级润滑油,wzfl1660
wzfl1801,,人民币,wzfl1786
wzfl1837,37,发动机,wzfl1836
wzfl1,01,发动机,wzfl1658
wzfl218,02,底盘,wzfl1658
wzfl439,03,车辆电器,wzfl1658
wzfl660,04,车厢,wzfl1658
wzfl804,06,油封,wzfl1658
wzfl1189,07,轴承,wzfl1666
wzfl1192,08,胶条,wzfl1666
wzfl1193,09,玻璃,wzfl1666
wzfl1194,10,工具,wzfl1666
wzfl1256,11,量具,wzfl1666
wzfl1285,12,刃具,wzfl1666
wzfl1310,13,五金,wzfl1666
wzfl1311,14,电子材料,wzfl1666
wzfl1312,15,螺母,wzfl1666
wzfl1313,16,螺栓,wzfl1666
wzfl1324,17,弹簧垫,wzfl1666
wzfl1325,18,平垫,wzfl1666
wzfl1326,19,开口销,wzfl1666
wzfl1327,20,键销,wzfl1666
wzfl1328,21,铝材,wzfl1666
wzfl1329,22,木材,wzfl1666
wzfl1330,23,蓄电池,wzfl1666
wzfl1331,24,钢材,wzfl1666
wzfl1332,25,铜材,wzfl1666
wzfl1333,26,化工,wzfl1666
wzfl1334,27,油漆,wzfl1666
wzfl1335,28,设备,wzfl1666
wzfl1338,31,空调车制冷系统,wzfl1658
wzfl1351,32,门泵,wzfl1658
wzfl1352,33,铆钉,wzfl1666
wzfl1353,34,垫子,wzfl1658
wzfl1354,35,机加工件,wzfl1666
wzfl1355,36,冲压件,wzfl1666
wzfl1662,,汽油,wzfl1677
wzfl1664,,柴油,wzfl1677
wzfl1665,,润滑油,wzfl1677
wzfl1668,,新轮胎,wzfl1676
wzfl1669,,翻新胎,wzfl1676
wzfl1670,,补胎,wzfl1676
wzfl1675,,其他,wzfl1676
wzfl1706,90,东盛自制件,wzfl1658
wzfl2002,,其他,wzfl1677
wzfl2,0101,CY6102BQH1F发动机,wzfl1
wzfl14,0102,CY6102BZQ发动机,wzfl1
wzfl26,0103,YC6108发动机,wzfl1
wzfl38,0104,YC6112BZQ,wzfl1
wzfl50,0105,EQ6100-I发动机,wzfl1
wzfl62,0106,EQ6100-I3发动机,wzfl1
wzfl74,0107,EQ6100发动机,wzfl1
wzfl86,0108,CA6100发动机,wzfl1
wzfl98,0109,柳微462Q发动机,wzfl1
wzfl110,0110,五十铃465发动机,wzfl1
wzfl122,0111,其他发动机,wzfl1
wzfl146,0113,YC6108ZQ发动机,wzfl1
wzfl158,0114,YC4110ZQ发动机(CJ6108G1C2HK车型用),wzfl1
wzfl170,0115,YC6108ZQB发动机(DD6111HS加长用),wzfl1
wzfl182,0116,YC4110ZQ发动机(长江CJ6830G5C2HK车型用),wzfl1
wzfl194,0117,YC4110ZQ发动机(依维柯CJ6830G5C2HK车型用),wzfl1
wzfl206,0118,CY4102BQ,wzfl1
wzfl230,0222,CJ 6100GIQIYH底盘,wzfl218
wzfl241,0223,CFC6100GDP底盘,wzfl218
wzfl252,0224,DD6101HS底盘,wzfl218
wzfl263,0225,DD6103HSC底盘,wzfl218
wzfl274,0226,GZK6100AD底盘,wzfl218
wzfl285,0227,WG6800-3底盘,wzfl218
wzfl296,0228,WG6800E-4底盘,wzfl218
wzfl307,0229,WG6800E-1底盘,wzfl218
wzfl318,0230,CK2645底盘,wzfl218
wzfl329,0231,其他,wzfl218
wzfl340,0232,柳微,wzfl218
wzfl351,0233,其它,wzfl218
wzfl362,0234,锡柴杭汽,wzfl218
wzfl373,0235,EQ153- CJ6100G2C10HK底盘,wzfl218
wzfl384,0236,EQ140B2CK(YC4110ZQ),wzfl218
wzfl395,0237,EQ153-DD6111HS底盘(加长),wzfl218
wzfl406,0238,长江CJ6830G5C2HK车型底盘,wzfl218
wzfl417,0239,依维柯CJ6101G5C13H(EQ153)底盘,wzfl218
wzfl428,0240,依维柯CJ6830G5C2HK底盘,wzfl218
wzfl440,0361,CFC6100GD3电器,wzfl439
wzfl450,0362,CJ 6100GIQIYH电器,wzfl439
wzfl460,0363,CFC6100GDP电器,wzfl439
wzfl470,0364,DD6101HS电器,wzfl439
wzfl480,0365,DD6103HSC 电器,wzfl439
wzfl490,0366,GZK6100AD电器,wzfl439
wzfl500,0367,WG6800-3电器,wzfl439
wzfl510,0368,WG6800E-4电器,wzfl439
wzfl520,0369,WG6800E-1电器,wzfl439
wzfl530,0370,CKZ6965电器,wzfl439
wzfl540,0371,CK2643电器,wzfl439
wzfl550,0372,柳微电器,wzfl439
wzfl560,0373,"6108玉柴(普通,三公司)",wzfl439
wzfl570,0374,其它电器,wzfl439
wzfl580,0375,重柴杭汽电器,wzfl439
wzfl590,0376,CJ6100G2C10HK(EQ153)电器,wzfl439
wzfl610,0378,DD6111HS电器,wzfl439
wzfl630,0380,依维柯CJ6101G5C13H电器,wzfl439
wzfl640,0381,依维柯CJ6830G5C2HK电器,wzfl439
wzfl650,0382,牡丹MD6602AD5 电器,wzfl439
wzfl661,0441,CFC6100GD3车身,wzfl660
wzfl668,0442,CJ6100GIQIYH车身,wzfl660
wzfl675,0443,CFC6100GDP车身,wzfl660
wzfl682,0444,DD6101HS车身,wzfl660
wzfl689,0445,DD6103HSC车身,wzfl660
wzfl696,0446,GZK6100AD车身,wzfl660
wzfl703,0447,WG6800-3车身,wzfl660
wzfl710,0448,WG6800E-4车身,wzfl660
wzfl717,0449,WG6800E-1车身,wzfl660
wzfl724,0450,CK2643,wzfl660
wzfl731,0451,CKZ6965车身,wzfl660
wzfl738,0452,柳微车身,wzfl660
wzfl745,0453,牡丹MD6602AD5车身,wzfl660
wzfl752,0454,其它车身,wzfl660
wzfl759,0455,依维柯CJ6830G5C2HK车身,wzfl660
wzfl766,0456,CJ6100G2C10HK(EQ153),wzfl660
wzfl773,0457,CJ6108G1C2HK(4110ZQ),wzfl660
wzfl780,0458,DD6111HS车身,wzfl660
wzfl794,0460,依维柯CJ6101G5C13H车身,wzfl660
wzfl801,05,皮带,wzfl804
wzfl805,0600,通用油封,wzfl804
wzfl817,0601,CY6102发动机油封,wzfl804
wzfl829,0602,CY6102ZQ发动机油封,wzfl804
wzfl841,0603,YC6108发动机油封,wzfl804
wzfl853,0604,KIAJS-2油封油封,wzfl804
wzfl865,0605,EQ6100-I发动机油封,wzfl804
wzfl877,0606,EQ6100-I3发动机油封,wzfl804
wzfl889,0607,EQ6100发动机油封,wzfl804
wzfl901,0608,CA6100发动机油封,wzfl804
wzfl913,0609,柳微462Q发动机油封,wzfl804
wzfl925,0610,五十铃465发动机油封,wzfl804
wzfl937,0611,其他发动机油封,wzfl804
wzfl949,0612,6110B4发动机油封,wzfl804
wzfl961,0613,YC6108ZQ发动机油封,wzfl804
wzfl973,0614,YC4110ZQ发动机油封,wzfl804
wzfl985,0621,CFC6100GD3底盘油封,wzfl804
wzfl997,0622,CJ6100GIQIYH底盘油封,wzfl804
wzfl1009,0623,CFC6100GDP底盘油封,wzfl804
wzfl1021,0624,DD6101HS底盘油封,wzfl804
wzfl1033,0625,DD6103HSC底盘油封,wzfl804
wzfl1045,0626,GZK6100AD底盘油封,wzfl804
wzfl1057,0627,WG6800-3底盘油封,wzfl804
wzfl1069,0628,WG6800E-4底盘油封,wzfl804
wzfl1081,0629,WG6800E-1底盘油封,wzfl804
wzfl1093,0630,CK2645底盘油封,wzfl804
wzfl1105,0631,牡丹MD6602AD5底盘油封,wzfl804
wzfl1117,0632,柳微油封,wzfl804
wzfl1129,0633,其它底盘油封,wzfl804
wzfl1141,0634,锡柴杭汽油封,wzfl804
wzfl1153,0635,EQ153底盘油封,wzfl804
wzfl1165,0636,EQ140B2CK(YC4110ZQ)油封,wzfl804
wzfl1177,0637,EQ153-DD6111HS底盘(加长)油封,wzfl804
wzfl1190,0700,通用轴承,wzfl1189
wzfl1195,1001,手钳,wzfl1194
wzfl1205,1002,扳手,wzfl1194
wzfl1217,1003,螺钉旋具,wzfl1194
wzfl1223,1004,锉刀,wzfl1194
wzfl1236,1005,丝锥,wzfl1194
wzfl1240,1006,板牙,wzfl1194
wzfl1245,1007,电焊器材工具,wzfl1194
wzfl1249,1008,气焊工具,wzfl1194
wzfl1250,1009,皮带冲,wzfl1194
wzfl1251,1010,锤,wzfl1194
wzfl1252,1011,虎钳,wzfl1194
wzfl1253,1012,锯,wzfl1194
wzfl1254,1013,电工,wzfl1194
wzfl1255,1014,其它工具,wzfl1194
wzfl1257,1101,尺类,wzfl1256
wzfl1267,1102,表类,wzfl1256
wzfl1272,1103,规类,wzfl1256
wzfl1273,1104,测表,wzfl1256
wzfl1279,1105,磅秤、卡钳,wzfl1256
wzfl1286,1201,麻花钻,wzfl1285
wzfl1290,1202,铰刀,wzfl1285
wzfl1296,1203,铣刀,wzfl1285
wzfl1300,1204,刀片,wzfl1285
wzfl1304,1205,磨具,wzfl1285
wzfl1314,1601,六角螺丝,wzfl1313
wzfl1315,1602,半圆头螺丝,wzfl1313
wzfl1316,1603,螺栓,wzfl1313
wzfl1317,1604,内六角螺丝,wzfl1313
wzfl1318,1605,半圆头自攻螺丝,wzfl1313
wzfl1319,1606,十字沉头自攻螺丝,wzfl1313
wzfl1320,1607,沉头自攻螺丝,wzfl1313
wzfl1321,1608,膨胀螺丝,wzfl1313
wzfl1322,1609,木牙螺丝,wzfl1313
wzfl1323,1610,其它螺丝,wzfl1313
wzfl1339,3104,空调车制冷发动机,wzfl1338
wzfl1357,0841,CFC6100GD3车身,wzfl1192
wzfl1359,0842,CJ 6100GIQIYH车身,wzfl1192
wzfl1360,0843,CFC6100GDP车身,wzfl1192
wzfl1361,0844,DD6101HS车身,wzfl1192
wzfl1362,0845,DD6103HSC车身,wzfl1192
wzfl1363,0846,GZK6100AD车身,wzfl1192
wzfl1364,0847,WG6800-3车身,wzfl1192
wzfl1365,0848,WG6800E-4车身,wzfl1192
wzfl1366,0849,WG6800E-1车身,wzfl1192
wzfl1367,0850,CK2643,wzfl1192
wzfl1368,0851,CKZ6965车身,wzfl1192
wzfl1369,0852,柳微车身,wzfl1192
wzfl1370,0853,牡丹MD6602AD5  车身,wzfl1192
wzfl1371,0854,其它车身,wzfl1192
wzfl1372,0855,依维柯CJ6830G5C2HK车身,wzfl1192
wzfl1373,0856,CJ6100G2C10HK(EQ153),wzfl1192
wzfl1374,0857,CJ6108G1C2HK(4110ZQ),wzfl1192
wzfl1375,0858,DD6111HS车身,wzfl1192
wzfl1376,0859,长江CJ6830G5C2HK车身,wzfl1192
wzfl1377,0860,依维柯CJ6101G5C13H车身,wzfl1192
wzfl1380,0941,CFC6100GD3车身,wzfl1193
wzfl1381,0942,CJ 6100GIQIYH车身,wzfl1193
wzfl1382,0943,CFC6100GDP车身,wzfl1193
wzfl1383,0944,DD6101HS车身,wzfl1193
wzfl1384,0945,DD6103HSC车身,wzfl1193
wzfl1385,0946,GZK6100AD车身,wzfl1193
wzfl1386,0947,WG6800-3车身,wzfl1193
wzfl1387,0948,WG6800E-4车身,wzfl1193
wzfl1388,0949,WG6800E-1车身WG6800E-1车身,wzfl1193
wzfl1389,0950,CK2643,wzfl1193
wzfl1390,0951,CKZ6965车身,wzfl1193
wzfl1391,0952,柳微车身,wzfl1193
wzfl1392,0953,牡丹MD6602AD5,wzfl1193
wzfl1393,0954,其它车身,wzfl1193
wzfl1394,0955,依维柯CJ6830G5C2HK车身,wzfl1193
wzfl1395,0956,CJ6100G2C10HK(EQ153),wzfl1193
wzfl1396,0957,CJ6108G1C2HK(4110ZQ),wzfl1193
wzfl1397,0958,DD6111HS车身,wzfl1193
wzfl1398,0959,长江CJ6830G5C2HK车身,wzfl1193
wzfl1399,0960,依维柯CJ6101G5C13H车身,wzfl1193
wzfl1401,1300,通用五金,wzfl1310
wzfl1403,1400,通用电子材料,wzfl1311
wzfl1405,1500,通用螺母,wzfl1312
wzfl1407,1700,通用弹簧垫,wzfl1324
wzfl1409,1800,通用平垫,wzfl1325
wzfl1411,1900,通用开口销,wzfl1326
wzfl1413,2000,通用键销,wzfl1327
wzfl1415,2100,通用铝材,wzfl1328
wzfl1417,2200,通用木材,wzfl1329
wzfl1419,2300,通用蓄电池,wzfl1330
wzfl1421,2400,通用钢材,wzfl1331
wzfl1423,2500,通用铜材,wzfl1332
wzfl1425,2600,化工,wzfl1333
wzfl1427,2700,油漆,wzfl1334
wzfl1429,2800,设备,wzfl1335
wzfl1435,3143,CFC6100GDP车身,wzfl1338
wzfl1436,3241,CFC6100GD3车身,wzfl1351
wzfl1439,3242,CJ 6100GIQIYH车身,wzfl1351
wzfl1440,3243,CFC6100GDP车身,wzfl1351
wzfl1441,3244,DD6101HS车身,wzfl1351
wzfl1442,3245,DD6103HSC车身,wzfl1351
wzfl1443,3246,GZK6100AD车身,wzfl1351
wzfl1444,3247,WG6800-3车身,wzfl1351
wzfl1445,3248,WG6800E-4车身,wzfl1351
wzfl1446,3249,WG6800E-1车身,wzfl1351
wzfl1447,3250,CK2643,wzfl1351
wzfl1448,3251,CKZ6965车身,wzfl1351
wzfl1449,3252,柳微车身,wzfl1351
wzfl1450,3253,牡丹MD6602AD5  车身,wzfl1351
wzfl1451,3254,其它车身,wzfl1351
wzfl1452,3255,依维柯CJ6830G5C2HK车身,wzfl1351
wzfl1453,3256,CJ6100G2C10HK(EQ153),wzfl1351
wzfl1454,3257,CJ6108G1C2HK(4110ZQ),wzfl1351
wzfl1455,3258,DD6111HS车身,wzfl1351
wzfl1456,3259,长江CJ6830G5C2HK车身,wzfl1351
wzfl1457,3260,依维柯CJ6101G5C13H车身,wzfl1351
wzfl1458,3300,铆钉,wzfl1352
wzfl1460,3400,垫子,wzfl1353
wzfl1462,3500,机加工件,wzfl1354
wzfl1464,3600,冲压件,wzfl1355
wzfl1468,0100,发动机通用件,wzfl1
wzfl1487,0200,底盘通用,wzfl218
wzfl1498,0300,通用电器,wzfl439
wzfl1508,0400,车厢通用,wzfl660
wzfl1514,0241,牡丹MD6602AD5,wzfl218
wzfl1526,0800,通用胶条,wzfl1192
wzfl1528,0804,侧窗泥槽,wzfl1192
wzfl1529,0900,通用玻璃,wzfl1193
wzfl1531,3200,通用门泵,wzfl1351
wzfl1537,0461,DD6105（10米）车身,wzfl660
wzfl1540,0462,DD6890车身,wzfl660
wzfl1544,3261,DD6105门泵,wzfl1351
wzfl1549,0383,DD6890S01,wzfl439
wzfl1550,0384,DD6105S01,wzfl439
wzfl1582,0242,DD6890SO1-CA151D4底盘,wzfl218
wzfl1601,0243,DD6105SO1-EQ153底盘,wzfl218
wzfl1631,0385,运钞车LQG5041XYC,wzfl439
wzfl1636,,新类别,wzfl1192
wzfl1637,0861,DD6105S01车身,wzfl1192
wzfl1638,0862,DD6890S01车身,wzfl1192
wzfl1640,0961,DD6105S01,wzfl1193
wzfl1641,0962,DD6890S01/08,wzfl1193
wzfl1651,1206,车刀,wzfl1285
wzfl1671,,轮胎,wzfl1668
wzfl1672,,胎垫,wzfl1668
wzfl1673,,内胎,wzfl1668
wzfl1683,3262,DD6890门泵,wzfl1351
wzfl1692,0119,CY4112,wzfl1
wzfl1715,0120,YC6105ZQ,wzfl1
wzfl1728,0245,双层巴士,wzfl218
wzfl1803,0246,DD6109S31/32,wzfl218
wzfl1816,0247,苏州金龙KLQ6850GE3,wzfl218
wzfl1829,0386,苏州金龙KLQ6850GE3,wzfl439
wzfl1838,0387,DD6109S31/32,wzfl439
wzfl1845,0463,DD6109S31/32,wzfl660
wzfl1850,0121,YC6J220-30,wzfl1
wzfl1851,0122,YC4G180-30,wzfl1
wzfl1874,0464,苏州金龙,wzfl660
wzfl1879,0248,厦门金龙XMQ6106G10,wzfl218
wzfl1890,0963,长江CJ6101G7C13H,wzfl1193
wzfl1891,0964,金龙KLQ6108GE3,wzfl1193
wzfl1892,0965,苏州金龙KLQ6850GE3,wzfl1193
wzfl1893,0966,双层长江CJ6110SLC,wzfl1193
wzfl1894,0967,黄海DD6109S31/32,wzfl1193
wzfl1895,0968,金龙KLQ6770,wzfl1193
wzfl1896,0969,大黄蜂CFC6101G5C13H,wzfl1193
wzfl1897,0970,海格KLQ6109G,wzfl1193
wzfl1898,0971,宇通ZK6108HGC,wzfl1193
wzfl1899,0388,宇通ZK6108HGC,wzfl439
wzfl1907,0972,厦门金龙XMQ6106G10,wzfl1193
wzfl1908,0123,YC6J240-30,wzfl1
wzfl1919,0124,YC6J230-30,wzfl1
wzfl1930,0389,厦门金龙,wzfl439
wzfl1938,,美孚润滑油,wzfl1665
wzfl1939,,BP润滑油,wzfl1665
wzfl1940,0390,安凯HFF6104GK39,wzfl439
wzfl1949,,机油,wzfl1665
wzfl1950,,黄油,wzfl1665
wzfl1951,3263,苏州金龙,wzfl1351
wzfl1952,0249,安凯,wzfl218
wzfl1981,0638,EQ140-2发动机,wzfl804
wzfl1987,3100,其他,wzfl1338
wzfl1990,0639,苏州金龙,wzfl804
wzfl2003,3264,DD6109S32,wzfl1351
wzfl2005,0391,苏州金龙6109G,wzfl439
wzfl2014,3265,厦门金龙,wzfl1351
wzfl2016,0250,宇通ZK6108,wzfl218
wzfl2030,0251,苏州金龙KLQ6108GE3,wzfl218
wzfl2044,0125,YC4F,wzfl1
wzfl2056,0465,郑州宇通,wzfl660
wzfl2064,0466,厦门金龙,wzfl660
wzfl2069,0467,安凯,wzfl660
wzfl2073,0863,苏州金龙,wzfl1192
wzfl2074,3266,郑州宇通,wzfl1351
wzfl2075,1401,车载电子设备,wzfl1311
wzfl2076,0392,丹东,wzfl439
wzfl2088,0130,YC6J220-42,wzfl1
wzfl3,010101,发动机总成,wzfl2
wzfl4,010102,气缸体,wzfl2
wzfl5,010103,气缸盖总成,wzfl2
wzfl6,010104,曲轴连杆机构,wzfl2
wzfl7,010105,配气机构,wzfl2
wzfl8,010106,供油系,wzfl2
wzfl9,010107,润滑系,wzfl2
wzfl10,010108,冷却系,wzfl2
wzfl11,010109,油门联动机构,wzfl2
wzfl12,010110,点火系,wzfl2
wzfl13,010111,增压器总成,wzfl2
wzfl15,010201,发动机总成,wzfl14
wzfl16,010202,气缸体,wzfl14
wzfl17,010203,气缸盖总成,wzfl14
wzfl18,010204,曲轴连杆机构,wzfl14
wzfl19,010205,配气机构,wzfl14
wzfl20,010206,供油系,wzfl14
wzfl21,010207,润滑系,wzfl14
wzfl22,010208,冷却系,wzfl14
wzfl23,010209,油门联动机构,wzfl14
wzfl24,010210,点火系,wzfl14
wzfl25,010211,增压器总成,wzfl14
wzfl27,010301,发动机总成,wzfl26
wzfl28,010302,气缸体,wzfl26
wzfl29,010303,气缸盖总成,wzfl26
wzfl30,010304,曲轴连杆机构,wzfl26
wzfl31,010305,配气机构,wzfl26
wzfl32,010306,供油系,wzfl26
wzfl33,010307,润滑系,wzfl26
wzfl34,010308,冷却系,wzfl26
wzfl35,010309,油门联动机构,wzfl26
wzfl36,010310,点火系,wzfl26
wzfl37,010311,增压器总成,wzfl26
wzfl39,010401,发动机总成,wzfl38
wzfl40,010402,气缸体,wzfl38
wzfl41,010403,气缸盖总成,wzfl38
wzfl42,010404,曲轴连杆机构,wzfl38
wzfl43,010405,配气机构,wzfl38
wzfl44,010406,供油系,wzfl38
wzfl45,010407,润滑系,wzfl38
wzfl46,010408,冷却系,wzfl38
wzfl47,010409,油门联动机构,wzfl38
wzfl48,010410,点火系,wzfl38
wzfl49,010411,增压器总成,wzfl38
wzfl51,010501,发动机总成,wzfl50
wzfl52,010502,气缸体,wzfl50
wzfl53,010503,气缸盖总成,wzfl50
wzfl54,010504,曲轴连杆机构,wzfl50
wzfl55,010505,配气机构,wzfl50
wzfl56,010506,供油系,wzfl50
wzfl57,010507,润滑系,wzfl50
wzfl58,010508,冷却系,wzfl50
wzfl59,010509,油门联动机构,wzfl50
wzfl60,010510,点火系,wzfl50
wzfl61,010511,增压器总成,wzfl50
wzfl63,010601,发动机总成,wzfl62
wzfl64,010602,气缸体,wzfl62
wzfl65,010603,气缸盖总成,wzfl62
wzfl66,010604,曲轴连杆机构,wzfl62
wzfl67,010605,配气机构,wzfl62
wzfl68,010606,供油系,wzfl62
wzfl69,010607,润滑系,wzfl62
wzfl70,010608,冷却系,wzfl62
wzfl71,010609,油门联动机构,wzfl62
wzfl72,010610,点火系,wzfl62
wzfl73,010611,增压器总成,wzfl62
wzfl75,010701,发动机总成,wzfl74
wzfl76,010702,气缸体,wzfl74
wzfl77,010703,气缸盖总成,wzfl74
wzfl78,010704,曲轴连杆机构,wzfl74
wzfl79,010705,配气机构,wzfl74
wzfl80,010706,供油系,wzfl74
wzfl81,010707,润滑系,wzfl74
wzfl82,010708,冷却系,wzfl74
wzfl83,010709,油门联动机构,wzfl74
wzfl84,010710,点火系,wzfl74
wzfl87,010801,发动机总成,wzfl86
wzfl88,010802,气缸体,wzfl86
wzfl89,010803,气缸盖总成,wzfl86
wzfl90,010804,曲轴连杆机构,wzfl86
wzfl91,010805,配气机构,wzfl86
wzfl92,010806,供油系,wzfl86
wzfl93,010807,润滑系,wzfl86
wzfl94,010808,冷却系,wzfl86
wzfl95,010809,油门联动机构,wzfl86
wzfl96,010810,点火系,wzfl86
wzfl97,010811,增压器总成,wzfl86
wzfl99,010901,发动机总成,wzfl98
wzfl100,010902,气缸体,wzfl98
wzfl101,010903,气缸盖总成,wzfl98
wzfl102,010904,曲轴连杆机构,wzfl98
wzfl103,010905,配气机构,wzfl98
wzfl104,010906,供油系,wzfl98
wzfl105,010907,润滑系,wzfl98
wzfl106,010908,冷却系,wzfl98
wzfl107,010909,油门联动机构,wzfl98
wzfl108,010910,点火系,wzfl98
wzfl109,010911,增压器总成,wzfl98
wzfl111,011001,发动机总成,wzfl110
wzfl112,011002,气缸体,wzfl110
wzfl113,011003,气缸盖总成,wzfl110
wzfl114,011004,曲轴连杆机构,wzfl110
wzfl115,011005,配气机构,wzfl110
wzfl116,011006,供油系,wzfl110
wzfl117,011007,润滑系,wzfl110
wzfl118,011008,冷却系,wzfl110
wzfl119,011009,油门联动机构,wzfl110
wzfl120,011010,点火系,wzfl110
wzfl121,011011,增压器总成,wzfl110
wzfl123,011101,发动机总成,wzfl122
wzfl124,011102,气缸体,wzfl122
wzfl125,011103,气缸盖总成,wzfl122
wzfl126,011104,曲轴连杆机构,wzfl122
wzfl127,011105,配气机构,wzfl122
wzfl128,011106,供油系,wzfl122
wzfl129,011107,润滑系,wzfl122
wzfl130,011108,冷却系,wzfl122
wzfl131,011109,油门联动机构,wzfl122
wzfl132,011110,点火系,wzfl122
wzfl133,011111,增压器总成,wzfl122
wzfl134,0112,6110B4发动机,wzfl146
wzfl147,011301,发动机总成,wzfl146
wzfl148,011302,气缸体,wzfl146
wzfl149,011303,气缸盖总成,wzfl146
wzfl150,011304,曲轴连杆机构,wzfl146
wzfl151,011305,配气机构,wzfl146
wzfl152,011306,供油系,wzfl146
wzfl153,011307,润滑系,wzfl146
wzfl154,011308,冷却系,wzfl146
wzfl155,011309,油门联动机构,wzfl146
wzfl156,011310,点火系,wzfl146
wzfl157,011311,增压器总成,wzfl146
wzfl159,011401,发动机总成,wzfl158
wzfl160,011402,气缸体,wzfl158
wzfl161,011403,气缸盖总成,wzfl158
wzfl162,011404,曲轴连杆机构,wzfl158
wzfl163,011405,配气机构,wzfl158
wzfl164,011406,供油系,wzfl158
wzfl165,011407,润滑系,wzfl158
wzfl166,011408,冷却系,wzfl158
wzfl167,011409,油门联动机构,wzfl158
wzfl168,011410,点火系,wzfl158
wzfl169,011411,增压器总成,wzfl158
wzfl171,011501,发动机总成,wzfl170
wzfl172,011502,气缸体,wzfl170
wzfl173,011503,气缸盖总成,wzfl170
wzfl174,011504,曲轴连杆机构,wzfl170
wzfl175,011505,配气机构,wzfl170
wzfl176,011506,供油系,wzfl170
wzfl177,011507,润滑系,wzfl170
wzfl178,011508,冷却系,wzfl170
wzfl179,011509,油门联动机构,wzfl170
wzfl180,011510,点火系,wzfl170
wzfl181,011511,增压器总成,wzfl170
wzfl183,011601,发动机总成,wzfl182
wzfl184,011602,气缸体,wzfl182
wzfl185,011603,气缸盖总成,wzfl182
wzfl186,011604,曲轴连杆机构,wzfl182
wzfl187,011605,配气机构,wzfl182
wzfl188,011606,供油系,wzfl182
wzfl189,011607,润滑系,wzfl182
wzfl190,011608,冷却系,wzfl182
wzfl191,011609,油门联动机构,wzfl182
wzfl192,011610,点火系,wzfl182
wzfl193,011611,增压器总成,wzfl182
wzfl195,011701,发动机总成,wzfl194
wzfl196,011702,气缸体,wzfl194
wzfl197,011703,气缸盖总成,wzfl194
wzfl198,011704,曲轴连杆机构,wzfl194
wzfl199,011705,配气机构,wzfl194
wzfl200,011706,供油系,wzfl194
wzfl201,011707,润滑系,wzfl194
wzfl202,011708,冷却系,wzfl194
wzfl203,011709,油门联动机构,wzfl194
wzfl204,011710,点火系,wzfl194
wzfl205,011711,增压器总成,wzfl194
wzfl207,011801,发动机总成,wzfl206
wzfl208,011802,气缸体,wzfl206
wzfl209,011803,气缸盖总成,wzfl206
wzfl210,011804,曲轴连杆机构,wzfl206
wzfl211,011805,配气机构,wzfl206
wzfl212,011806,供油系,wzfl206
wzfl213,011807,润滑系,wzfl206
wzfl214,011808,冷却系,wzfl206
wzfl215,011809,油门联动机构,wzfl206
wzfl216,011810,点火系,wzfl206
wzfl217,011811,增压器总成,wzfl206
wzfl219,0221,CFC6100GD3底盘,wzfl230
wzfl231,022221,离合器,wzfl230
wzfl232,022222,离合器操纵机构,wzfl230
wzfl233,022223,变速器,wzfl230
wzfl234,022224,传动轴,wzfl230
wzfl235,022225,转向器,wzfl230
wzfl236,022226,转向器传动机构,wzfl230
wzfl237,022227,前桥,wzfl230
wzfl238,022228,后桥,wzfl230
wzfl239,022229,悬挂,wzfl230
wzfl240,022230,制动系,wzfl230
wzfl242,022321,离合器,wzfl241
wzfl243,022322,离合器操纵机构,wzfl241
wzfl244,022323,变速器,wzfl241
wzfl245,022324,传动轴,wzfl241
wzfl246,022325,转向器,wzfl241
wzfl247,022326,转向器传动机构,wzfl241
wzfl248,022327,前桥,wzfl241
wzfl249,022328,后桥,wzfl241
wzfl250,022329,悬挂,wzfl241
wzfl251,022330,制动系,wzfl241
wzfl253,022421,离合器,wzfl252
wzfl254,022422,离合器操纵机构,wzfl252
wzfl255,022423,变速器,wzfl252
wzfl256,022424,传动轴,wzfl252
wzfl257,022425,转向器,wzfl252
wzfl258,022426,转向器传动机构,wzfl252
wzfl259,022427,前桥,wzfl252
wzfl260,022428,后桥,wzfl252
wzfl261,022429,悬挂,wzfl252
wzfl262,022430,制动系,wzfl252
wzfl264,022521,离合器,wzfl263
wzfl265,022522,离合器操纵机构,wzfl263
wzfl266,022523,变速器,wzfl263
wzfl267,022524,传动轴,wzfl263
wzfl268,022525,转向器,wzfl263
wzfl269,022526,转向器传动机构,wzfl263
wzfl270,022527,前桥,wzfl263
wzfl271,022528,后桥,wzfl263
wzfl272,022529,悬挂,wzfl263
wzfl273,022530,制动系,wzfl263
wzfl275,022621,离合器,wzfl274
wzfl276,022622,离合器操纵机构,wzfl274
wzfl277,022623,变速器,wzfl274
wzfl278,022624,传动轴,wzfl274
wzfl279,022625,转向器,wzfl274
wzfl280,022626,转向器传动机构,wzfl274
wzfl281,022627,前桥,wzfl274
wzfl282,022628,后桥,wzfl274
wzfl283,022629,悬挂,wzfl274
wzfl284,022630,制动系,wzfl274
wzfl286,022721,离合器,wzfl285
wzfl287,022722,离合器操纵机构,wzfl285
wzfl288,022723,变速器,wzfl285
wzfl289,022724,传动轴,wzfl285
wzfl290,022725,转向器,wzfl285
wzfl291,022726,转向器传动机构,wzfl285
wzfl292,022727,前桥,wzfl285
wzfl293,022728,后桥,wzfl285
wzfl294,022729,悬挂,wzfl285
wzfl295,022730,制动系,wzfl285
wzfl297,022821,离合器,wzfl296
wzfl298,022822,离合器操纵机构,wzfl296
wzfl299,022823,变速器,wzfl296
wzfl300,022824,传动轴,wzfl296
wzfl301,022825,转向器,wzfl296
wzfl302,022826,转向器传动机构,wzfl296
wzfl303,022827,前桥,wzfl296
wzfl304,022828,后桥,wzfl296
wzfl305,022829,悬挂,wzfl296
wzfl306,022830,制动系,wzfl296
wzfl308,022921,离合器,wzfl307
wzfl309,022922,离合器操纵机构,wzfl307
wzfl310,022923,变速器,wzfl307
wzfl311,022924,传动轴,wzfl307
wzfl312,022925,转向器,wzfl307
wzfl313,022926,转向器传动机构,wzfl307
wzfl314,022927,前桥,wzfl307
wzfl315,022928,后桥,wzfl307
wzfl316,022929,悬挂,wzfl307
wzfl317,022930,制动系,wzfl307
wzfl319,023021,离合器,wzfl318
wzfl320,023022,离合器操纵机构,wzfl318
wzfl321,023023,变速器,wzfl318
wzfl322,023024,传动轴,wzfl318
wzfl323,023025,转向器,wzfl318
wzfl324,023026,转向器传动机构,wzfl318
wzfl325,023027,前桥,wzfl318
wzfl326,023028,后桥,wzfl318
wzfl327,023029,悬挂,wzfl318
wzfl328,023030,制动系,wzfl318
wzfl330,023121,离合器,wzfl329
wzfl331,023122,离合器操纵机构,wzfl329
wzfl332,023123,变速器,wzfl329
wzfl333,023124,传动轴,wzfl329
wzfl334,023125,转向器,wzfl329
wzfl335,023126,转向器传动机构,wzfl329
wzfl336,023127,前桥,wzfl329
wzfl337,023128,后桥,wzfl329
wzfl338,023129,悬挂,wzfl329
wzfl339,023130,制动系,wzfl329
wzfl341,023221,离合器,wzfl340
wzfl342,023222,离合器操纵机构,wzfl340
wzfl343,023223,变速器,wzfl340
wzfl344,023224,传动轴,wzfl340
wzfl345,023225,转向器,wzfl340
wzfl346,023226,转向器传动机构,wzfl340
wzfl347,023227,前桥,wzfl340
wzfl348,023228,后桥,wzfl340
wzfl349,023229,悬挂,wzfl340
wzfl350,023230,制动系,wzfl340
wzfl352,023321,离合器,wzfl351
wzfl353,023322,离合器操纵机构,wzfl351
wzfl354,023323,变速器,wzfl351
wzfl355,023324,传动轴,wzfl351
wzfl356,023325,转向器,wzfl351
wzfl357,023326,转向器传动机构,wzfl351
wzfl358,023327,前桥,wzfl351
wzfl359,023328,后桥,wzfl351
wzfl360,023329,悬挂,wzfl351
wzfl361,023330,制动系,wzfl351
wzfl363,023421,离合器,wzfl362
wzfl364,023422,离合器操纵机构,wzfl362
wzfl365,023423,变速器,wzfl362
wzfl366,023424,传动轴,wzfl362
wzfl367,023425,转向器,wzfl362
wzfl368,023426,转向器传动机构,wzfl362
wzfl369,023427,前桥,wzfl362
wzfl370,023428,后桥,wzfl362
wzfl371,023429,悬挂,wzfl362
wzfl372,023430,制动系,wzfl362
wzfl374,023521,离合器,wzfl373
wzfl375,023522,离合器操纵机构,wzfl373
wzfl376,023523,变速器,wzfl373
wzfl377,023524,传动轴,wzfl373
wzfl378,023525,转向器,wzfl373
wzfl379,023526,转向器传动机构,wzfl373
wzfl380,023527,前桥,wzfl373
wzfl381,023528,后桥,wzfl373
wzfl382,023529,悬挂,wzfl373
wzfl383,023530,制动系,wzfl373
wzfl385,023621,离合器,wzfl384
wzfl386,023622,离合器操纵机构,wzfl384
wzfl387,023623,变速器,wzfl384
wzfl388,023624,传动轴,wzfl384
wzfl389,023625,转向器,wzfl384
wzfl390,023626,转向器传动机构,wzfl384
wzfl391,023627,前桥,wzfl384
wzfl392,023628,后桥,wzfl384
wzfl393,023629,悬挂,wzfl384
wzfl394,023630,制动系,wzfl384
wzfl396,023721,离合器,wzfl395
wzfl397,023722,离合器操纵机构,wzfl395
wzfl398,023723,变速器,wzfl395
wzfl399,023724,传动轴,wzfl395
wzfl400,023725,转向器,wzfl395
wzfl401,023726,转向器传动机构,wzfl395
wzfl402,023727,前桥,wzfl395
wzfl403,023728,后桥,wzfl395
wzfl404,023729,悬挂,wzfl395
wzfl405,023730,制动系,wzfl395
wzfl407,023821,离合器,wzfl406
wzfl408,023822,离合器操纵机构,wzfl406
wzfl409,023823,变速器,wzfl406
wzfl410,023824,传动轴,wzfl406
wzfl411,023825,转向器,wzfl406
wzfl413,023827,前桥,wzfl406
wzfl415,023829,悬挂,wzfl406
wzfl416,023830,制动系,wzfl406
wzfl418,023921,离合器,wzfl417
wzfl419,023922,离合器操纵机构,wzfl417
wzfl420,023923,变速器,wzfl417
wzfl421,023924,传动轴,wzfl417
wzfl422,023925,转向器,wzfl417
wzfl423,023926,转向器传动机构,wzfl417
wzfl424,023927,前桥,wzfl417
wzfl425,023928,后桥,wzfl417
wzfl426,023929,悬挂,wzfl417
wzfl427,023930,制动系,wzfl417
wzfl429,024021,离合器,wzfl428
wzfl430,024022,离合器操纵机构,wzfl428
wzfl431,024023,变速器,wzfl428
wzfl432,024024,传动轴,wzfl428
wzfl433,024025,转向器,wzfl428
wzfl434,024026,转向器传动机构,wzfl428
wzfl435,024027,前桥,wzfl428
wzfl436,024028,后桥,wzfl428
wzfl437,024029,悬挂,wzfl428
wzfl438,024030,制动系,wzfl428
wzfl441,036181,发电机,wzfl440
wzfl442,036182,起动机,wzfl440
wzfl443,036183,灯具,wzfl440
wzfl444,036184,仪表,wzfl440
wzfl445,036185,驾驶室风扇,wzfl440
wzfl446,036186,POS机,wzfl440
wzfl447,036187,后门监视器,wzfl440
wzfl448,036188,报站器,wzfl440
wzfl449,036189,电子显示屏,wzfl440
wzfl451,036281,发电机,wzfl450
wzfl452,036282,起动机,wzfl450
wzfl453,036283,灯具,wzfl450
wzfl454,036284,仪表,wzfl450
wzfl455,036285,驾驶室风扇,wzfl450
wzfl456,036286,POS机,wzfl450
wzfl457,036287,后门监视器,wzfl450
wzfl458,036288,报站器,wzfl450
wzfl459,036289,电子显示屏,wzfl450
wzfl461,036381,发电机,wzfl460
wzfl462,036382,起动机,wzfl460
wzfl463,036383,灯具,wzfl460
wzfl464,036384,仪表,wzfl460
wzfl465,036385,驾驶室风扇,wzfl460
wzfl466,036386,POS机,wzfl460
wzfl467,036387,后门监视器,wzfl460
wzfl468,036388,报站器,wzfl460
wzfl469,036389,电子显示屏,wzfl460
wzfl471,036481,发电机,wzfl470
wzfl472,036482,起动机,wzfl470
wzfl473,036483,灯具,wzfl470
wzfl474,036484,仪表,wzfl470
wzfl475,036485,驾驶室风扇,wzfl470
wzfl476,036486,POS机,wzfl470
wzfl477,036487,后门监视器,wzfl470
wzfl478,036488,报站器,wzfl470
wzfl479,036489,电子显示屏,wzfl470
wzfl481,036581,发电机,wzfl480
wzfl482,036582,起动机,wzfl480
wzfl483,036583,灯具,wzfl480
wzfl484,036584,仪表,wzfl480
wzfl485,036585,驾驶室风扇,wzfl480
wzfl486,036586,POS机,wzfl480
wzfl487,036587,后门监视器,wzfl480
wzfl488,036588,报站器,wzfl480
wzfl489,036589,电子显示屏,wzfl480
wzfl491,036681,发电机,wzfl490
wzfl492,036682,起动机,wzfl490
wzfl493,036683,灯具,wzfl490
wzfl494,036684,仪表,wzfl490
wzfl495,036685,驾驶室风扇,wzfl490
wzfl496,036686,POS机,wzfl490
wzfl497,036687,后门监视器,wzfl490
wzfl498,036688,报站器,wzfl490
wzfl499,036689,电子显示屏,wzfl490
wzfl501,036781,发电机,wzfl500
wzfl502,036782,起动机,wzfl500
wzfl503,036783,灯具,wzfl500
wzfl504,036784,仪表,wzfl500
wzfl505,036785,驾驶室风扇,wzfl500
wzfl506,036786,POS机,wzfl500
wzfl507,036787,后门监视器,wzfl500
wzfl508,036788,报站器,wzfl500
wzfl509,036789,电子显示屏,wzfl500
wzfl511,036881,发电机,wzfl510
wzfl512,036882,起动机,wzfl510
wzfl513,036883,灯具,wzfl510
wzfl514,036884,仪表,wzfl510
wzfl515,036885,驾驶室风扇,wzfl510
wzfl516,036886,POS机,wzfl510
wzfl517,036887,后门监视器,wzfl510
wzfl518,036888,报站器,wzfl510
wzfl519,036889,电子显示屏,wzfl510
wzfl521,036981,发电机,wzfl520
wzfl522,036982,起动机,wzfl520
wzfl523,036983,灯具,wzfl520
wzfl524,036984,仪表,wzfl520
wzfl525,036985,驾驶室风扇,wzfl520
wzfl526,036986,POS机,wzfl520
wzfl527,036987,后门监视器,wzfl520
wzfl528,036988,报站器,wzfl520
wzfl529,036989,电子显示屏,wzfl520
wzfl531,037081,发电机,wzfl530
wzfl532,037082,起动机,wzfl530
wzfl533,037083,灯具,wzfl530
wzfl534,037084,仪表,wzfl530
wzfl535,037085,驾驶室风扇,wzfl530
wzfl536,037086,POS机,wzfl530
wzfl537,037087,后门监视器,wzfl530
wzfl538,037088,报站器,wzfl530
wzfl539,037089,电子显示屏,wzfl530
wzfl541,037181,发电机,wzfl540
wzfl542,037182,起动机,wzfl540
wzfl543,037183,灯具,wzfl540
wzfl544,037184,仪表,wzfl540
wzfl545,037185,驾驶室风扇,wzfl540
wzfl546,037186,POS机,wzfl540
wzfl547,037187,后门监视器,wzfl540
wzfl548,037188,报站器,wzfl540
wzfl549,037189,电子显示屏,wzfl540
wzfl551,037281,发电机,wzfl550
wzfl552,037282,起动机,wzfl550
wzfl553,037283,灯具,wzfl550
wzfl554,037284,仪表,wzfl550
wzfl555,037285,驾驶室风扇,wzfl550
wzfl556,037286,POS机,wzfl550
wzfl557,037287,后门监视器,wzfl550
wzfl558,037288,报站器,wzfl550
wzfl559,037289,电子显示屏,wzfl550
wzfl561,037381,发电机,wzfl560
wzfl562,037382,起动机,wzfl560
wzfl563,037383,灯具,wzfl560
wzfl564,037384,仪表,wzfl560
wzfl565,037385,驾驶室风扇,wzfl560
wzfl566,037386,POS机,wzfl560
wzfl567,037387,后门监视器,wzfl560
wzfl568,037388,报站器,wzfl560
wzfl569,037389,电子显示屏,wzfl560
wzfl571,037481,发电机,wzfl570
wzfl572,037482,起动机,wzfl570
wzfl573,037483,灯具,wzfl570
wzfl574,037484,仪表,wzfl570
wzfl575,037485,驾驶室风扇,wzfl570
wzfl576,037486,POS机,wzfl570
wzfl577,037487,后门监视器,wzfl570
wzfl578,037488,报站器,wzfl570
wzfl579,037489,电子显示屏,wzfl570
wzfl581,037581,发电机,wzfl580
wzfl582,037582,起动机,wzfl580
wzfl583,037583,灯具,wzfl580
wzfl584,037584,仪表,wzfl580
wzfl585,037585,驾驶室风扇,wzfl580
wzfl586,037586,POS机,wzfl580
wzfl587,037587,后门监视器,wzfl580
wzfl588,037588,报站器,wzfl580
wzfl589,037589,电子显示屏,wzfl580
wzfl591,037681,发电机,wzfl590
wzfl592,037682,起动机,wzfl590
wzfl593,037683,灯具,wzfl590
wzfl594,037684,仪表,wzfl590
wzfl595,037685,驾驶室风扇,wzfl590
wzfl596,037686,POS机,wzfl590
wzfl597,037687,后门监视器,wzfl590
wzfl598,037688,报站器,wzfl590
wzfl599,037689,电子显示屏,wzfl590
wzfl600,0377,CJ6108G1C2HK(4110ZQ) 电器,wzfl580
wzfl611,037881,发电机,wzfl610
wzfl612,037882,起动机,wzfl610
wzfl613,037883,灯具,wzfl610
wzfl614,037884,仪表,wzfl610
wzfl615,037885,驾驶室风扇,wzfl610
wzfl616,037886,POS机,wzfl610
wzfl617,037887,后门监视器,wzfl610
wzfl618,037888,报站器,wzfl610
wzfl619,037889,电子显示屏,wzfl610
wzfl620,0379,长江CJ6830G5C2HK电器,wzfl610
wzfl631,038081,发电机,wzfl630
wzfl632,038082,起动机,wzfl630
wzfl633,038083,灯具,wzfl630
wzfl634,038084,仪表,wzfl630
wzfl635,038085,驾驶室风扇,wzfl630
wzfl636,038086,POS机,wzfl630
wzfl637,038087,后门监视器,wzfl630
wzfl638,038088,报站器,wzfl630
wzfl639,038089,电子显示屏,wzfl630
wzfl641,038181,发电机,wzfl640
wzfl642,038182,起动机,wzfl640
wzfl643,038183,灯具,wzfl640
wzfl644,038184,仪表,wzfl640
wzfl645,038185,驾驶室风扇,wzfl640
wzfl646,038186,POS机,wzfl640
wzfl647,038187,后门监视器,wzfl640
wzfl648,038188,报站器,wzfl640
wzfl649,038189,电子显示屏,wzfl640
wzfl651,038281,发电机,wzfl650
wzfl652,038282,起动机,wzfl650
wzfl653,038283,灯具,wzfl650
wzfl654,038284,仪表,wzfl650
wzfl655,038285,驾驶室风扇,wzfl650
wzfl656,038286,POS机,wzfl650
wzfl657,038287,后门监视器,wzfl650
wzfl658,038288,报站器,wzfl650
wzfl659,038289,电子显示屏,wzfl650
wzfl662,044161,底架部分,wzfl661
wzfl663,044162,骨架部分,wzfl661
wzfl664,044163,内外蒙,wzfl661
wzfl665,044164,车身内外附件,wzfl661
wzfl666,044165,地板,wzfl661
wzfl667,044166,车厢玻璃,wzfl661
wzfl669,044261,底架部分,wzfl668
wzfl670,044262,骨架部分,wzfl668
wzfl671,044263,内外蒙,wzfl668
wzfl672,044264,车身内外附件,wzfl668
wzfl673,044265,地板,wzfl668
wzfl674,044266,车厢玻璃,wzfl668
wzfl676,044361,底架部分,wzfl675
wzfl677,044362,骨架部分,wzfl675
wzfl678,044363,内外蒙,wzfl675
wzfl679,044364,车身内外附件,wzfl675
wzfl680,044365,地板,wzfl675
wzfl681,044366,车厢玻璃,wzfl675
wzfl683,044461,底架部分,wzfl682
wzfl684,044462,骨架部分,wzfl682
wzfl685,044463,内外蒙,wzfl682
wzfl686,044464,车身内外附件,wzfl682
wzfl687,044465,地板,wzfl682
wzfl688,044466,车厢玻璃,wzfl682
wzfl690,044561,底架部分,wzfl689
wzfl691,044562,骨架部分,wzfl689
wzfl692,044563,内外蒙,wzfl689
wzfl693,044564,车身内外附件,wzfl689
wzfl694,044565,地板,wzfl689
wzfl695,044566,车厢玻璃,wzfl689
wzfl697,044661,底架部分,wzfl696
wzfl698,044662,骨架部分,wzfl696
wzfl699,044663,内外蒙,wzfl696
wzfl700,044664,车身内外附件,wzfl696
wzfl701,044665,地板,wzfl696
wzfl702,044666,车厢玻璃,wzfl696
wzfl704,044761,底架部分,wzfl703
wzfl705,044762,骨架部分,wzfl703
wzfl706,044763,内外蒙,wzfl703
wzfl707,044764,车身内外附件,wzfl703
wzfl708,044765,地板,wzfl703
wzfl709,044766,车厢玻璃,wzfl703
wzfl711,044861,底架部分,wzfl710
wzfl712,044862,骨架部分,wzfl710
wzfl713,044863,内外蒙,wzfl710
wzfl714,044864,车身内外附件,wzfl710
wzfl715,044865,地板,wzfl710
wzfl716,044866,车厢玻璃,wzfl710
wzfl718,044961,底架部分,wzfl717
wzfl719,044962,骨架部分,wzfl717
wzfl720,044963,内外蒙,wzfl717
wzfl721,044964,车身内外附件,wzfl717
wzfl722,044965,地板,wzfl717
wzfl723,044966,车厢玻璃,wzfl717
wzfl725,045061,底架部分,wzfl724
wzfl726,045062,骨架部分,wzfl724
wzfl727,045063,内外蒙,wzfl724
wzfl728,045064,车身内外附件,wzfl724
wzfl729,045065,地板,wzfl724
wzfl730,045066,车厢玻璃,wzfl724
wzfl732,045161,底架部分,wzfl731
wzfl733,045162,骨架部分,wzfl731
wzfl734,045163,内外蒙,wzfl731
wzfl735,045164,车身内外附件,wzfl731
wzfl736,045165,地板,wzfl731
wzfl737,045166,车厢玻璃,wzfl731
wzfl739,045261,底架部分,wzfl738
wzfl740,045262,骨架部分,wzfl738
wzfl741,045263,内外蒙,wzfl738
wzfl742,045264,车身内外附件,wzfl738
wzfl743,045265,地板,wzfl738
wzfl744,045266,车厢玻璃,wzfl738
wzfl746,045361,底架部分,wzfl745
wzfl747,045362,骨架部分,wzfl745
wzfl748,045363,内外蒙,wzfl745
wzfl749,045364,车身内外附件,wzfl745
wzfl750,045365,地板,wzfl745
wzfl751,045366,车厢玻璃,wzfl745
wzfl753,045461,底架部分,wzfl752
wzfl754,045462,骨架部分,wzfl752
wzfl755,045463,内外蒙,wzfl752
wzfl756,045464,车身内外附件,wzfl752
wzfl757,045465,地板,wzfl752
wzfl758,045466,车厢玻璃,wzfl752
wzfl760,045561,底架部分,wzfl759
wzfl761,045562,骨架部分,wzfl759
wzfl762,045563,内外蒙,wzfl759
wzfl763,045564,车身内外附件,wzfl759
wzfl764,045565,地板,wzfl759
wzfl765,045566,车厢玻璃,wzfl759
wzfl767,045661,底架部分,wzfl766
wzfl768,045662,骨架部分,wzfl766
wzfl769,045663,内外蒙,wzfl766
wzfl770,045664,车身内外附件,wzfl766
wzfl771,045665,地板,wzfl766
wzfl772,045666,车厢玻璃,wzfl766
wzfl774,045761,底架部分,wzfl773
wzfl775,045762,骨架部分,wzfl773
wzfl776,045763,内外蒙,wzfl773
wzfl777,045764,车身内外附件,wzfl773
wzfl778,045765,地板,wzfl773
wzfl779,045766,车厢玻璃,wzfl773
wzfl781,045861,底架部分,wzfl780
wzfl782,045862,骨架部分,wzfl780
wzfl783,045863,内外蒙,wzfl780
wzfl784,045864,车身内外附件,wzfl780
wzfl785,045865,地板,wzfl780
wzfl786,045866,车厢玻璃,wzfl780
wzfl787,0459,长江CJ6830G5C2HK车身,wzfl794
wzfl795,046061,底架部分,wzfl794
wzfl796,046062,骨架部分,wzfl794
wzfl797,046063,内外蒙,wzfl794
wzfl798,046064,车身内外附件,wzfl794
wzfl799,046065,地板,wzfl794
wzfl800,046066,车厢玻璃,wzfl794
wzfl802,0500,通用皮带,wzfl801
wzfl806,060000,通用油封,wzfl805
wzfl807,060001,发动机油封,wzfl805
wzfl808,060021,离合器油封,wzfl805
wzfl809,060023,变速器油封,wzfl805
wzfl810,060024,传动轴油封,wzfl805
wzfl811,060025,转向器油封,wzfl805
wzfl812,060026,转向器传动机构油封,wzfl805
wzfl813,060027,前桥油封,wzfl805
wzfl814,060028,后桥油封,wzfl805
wzfl815,060029,悬挂油封,wzfl805
wzfl816,060030,制动系油封,wzfl805
wzfl818,060100,通用油封,wzfl817
wzfl819,060101,发动机油封,wzfl817
wzfl820,060121,离合器油封,wzfl817
wzfl821,060123,变速器油封,wzfl817
wzfl822,060124,传动轴油封,wzfl817
wzfl823,060125,转向器油封,wzfl817
wzfl824,060126,转向器传动机构油封,wzfl817
wzfl825,060127,前桥油封,wzfl817
wzfl826,060128,后桥油封,wzfl817
wzfl827,060129,悬挂油封,wzfl817
wzfl828,060130,制动系油封,wzfl817
wzfl830,060200,通用油封,wzfl829
wzfl831,060201,发动机油封,wzfl829
wzfl832,060221,离合器油封,wzfl829
wzfl833,060223,变速器油封,wzfl829
wzfl834,060224,传动轴油封,wzfl829
wzfl835,060225,转向器油封,wzfl829
wzfl836,060226,转向器传动机构油封,wzfl829
wzfl837,060227,前桥油封,wzfl829
wzfl838,060228,后桥油封,wzfl829
wzfl839,060229,悬挂油封,wzfl829
wzfl840,060230,制动系油封,wzfl829
wzfl842,060300,通用油封,wzfl841
wzfl843,060301,发动机油封,wzfl841
wzfl844,060321,离合器油封,wzfl841
wzfl845,060323,变速器油封,wzfl841
wzfl846,060324,传动轴油封,wzfl841
wzfl847,060325,转向器油封,wzfl841
wzfl848,060326,转向器传动机构油封,wzfl841
wzfl849,060327,前桥油封,wzfl841
wzfl850,060328,后桥油封,wzfl841
wzfl851,060329,悬挂油封,wzfl841
wzfl852,060330,制动系油封,wzfl841
wzfl854,060400,通用油封,wzfl853
wzfl855,060401,发动机油封,wzfl853
wzfl856,060421,离合器油封,wzfl853
wzfl857,060423,变速器油封,wzfl853
wzfl858,060424,传动轴油封,wzfl853
wzfl859,060425,转向器油封,wzfl853
wzfl860,060426,转向器传动机构油封,wzfl853
wzfl861,060427,前桥油封,wzfl853
wzfl862,060428,后桥油封,wzfl853
wzfl863,060429,悬挂油封,wzfl853
wzfl864,060430,制动系油封,wzfl853
wzfl866,060500,通用油封,wzfl865
wzfl867,060501,发动机油封,wzfl865
wzfl868,060521,离合器油封,wzfl865
wzfl869,060523,变速器油封,wzfl865
wzfl870,060524,传动轴油封,wzfl865
wzfl871,060525,转向器油封,wzfl865
wzfl872,060526,转向器传动机构油封,wzfl865
wzfl873,060527,前桥油封,wzfl865
wzfl874,060528,后桥油封,wzfl865
wzfl875,060529,悬挂油封,wzfl865
wzfl876,060530,制动系油封,wzfl865
wzfl878,060600,通用油封,wzfl877
wzfl879,060601,发动机油封,wzfl877
wzfl880,060621,离合器油封,wzfl877
wzfl881,060623,变速器油封,wzfl877
wzfl882,060624,传动轴油封,wzfl877
wzfl883,060625,转向器油封,wzfl877
wzfl884,060626,转向器传动机构油封,wzfl877
wzfl885,060627,前桥油封,wzfl877
wzfl886,060628,后桥油封,wzfl877
wzfl887,060629,悬挂油封,wzfl877
wzfl888,060630,制动系油封,wzfl877
wzfl890,060700,通用油封,wzfl889
wzfl891,060701,发动机油封,wzfl889
wzfl892,060721,离合器油封,wzfl889
wzfl893,060723,变速器油封,wzfl889
wzfl894,060724,传动轴油封,wzfl889
wzfl895,060725,转向器油封,wzfl889
wzfl896,060726,转向器传动机构油封,wzfl889
wzfl897,060727,前桥油封,wzfl889
wzfl898,060728,后桥油封,wzfl889
wzfl899,060729,悬挂油封,wzfl889
wzfl900,060730,制动系油封,wzfl889
wzfl902,060800,通用油封,wzfl901
wzfl903,060801,发动机油封,wzfl901
wzfl904,060821,离合器油封,wzfl901
wzfl905,060823,变速器油封,wzfl901
wzfl906,060824,传动轴油封,wzfl901
wzfl907,060825,转向器油封,wzfl901
wzfl908,060826,转向器传动机构油封,wzfl901
wzfl909,060827,前桥油封,wzfl901
wzfl910,060828,后桥油封,wzfl901
wzfl911,060829,悬挂油封,wzfl901
wzfl912,060830,制动系油封,wzfl901
wzfl914,060900,通用油封,wzfl913
wzfl915,060901,发动机油封,wzfl913
wzfl916,060921,离合器油封,wzfl913
wzfl917,060923,变速器油封,wzfl913
wzfl918,060924,传动轴油封,wzfl913
wzfl919,060925,转向器油封,wzfl913
wzfl920,060926,转向器传动机构油封,wzfl913
wzfl921,060927,前桥油封,wzfl913
wzfl922,060928,后桥油封,wzfl913
wzfl923,060929,悬挂油封,wzfl913
wzfl924,060930,制动系油封,wzfl913
wzfl926,061000,通用油封,wzfl925
wzfl927,061001,发动机油封,wzfl925
wzfl928,061021,离合器油封,wzfl925
wzfl929,061023,变速器油封,wzfl925
wzfl930,061024,传动轴油封,wzfl925
wzfl931,061025,转向器油封,wzfl925
wzfl932,061026,转向器传动机构油封,wzfl925
wzfl933,061027,前桥油封,wzfl925
wzfl934,061028,后桥油封,wzfl925
wzfl935,061029,悬挂油封,wzfl925
wzfl936,061030,制动系油封,wzfl925
wzfl938,061100,通用油封,wzfl937
wzfl939,061101,发动机油封,wzfl937
wzfl940,061121,离合器油封,wzfl937
wzfl941,061123,变速器油封,wzfl937
wzfl942,061124,传动轴油封,wzfl937
wzfl943,061125,转向器油封,wzfl937
wzfl944,061126,转向器传动机构油封,wzfl937
wzfl945,061127,前桥油封,wzfl937
wzfl946,061128,后桥油封,wzfl937
wzfl947,061129,悬挂油封,wzfl937
wzfl948,061130,制动系油封,wzfl937
wzfl950,061200,通用油封,wzfl949
wzfl951,061201,发动机油封,wzfl949
wzfl952,061221,离合器油封,wzfl949
wzfl953,061223,变速器油封,wzfl949
wzfl954,061224,传动轴油封,wzfl949
wzfl955,061225,转向器油封,wzfl949
wzfl956,061226,转向器传动机构油封,wzfl949
wzfl957,061227,前桥油封,wzfl949
wzfl958,061228,后桥油封,wzfl949
wzfl959,061229,悬挂油封,wzfl949
wzfl960,061230,制动系油封,wzfl949
wzfl962,061300,通用油封,wzfl961
wzfl963,061301,发动机油封,wzfl961
wzfl964,061321,离合器油封,wzfl961
wzfl965,061323,变速器油封,wzfl961
wzfl966,061324,传动轴油封,wzfl961
wzfl967,061325,转向器油封,wzfl961
wzfl968,061326,转向器传动机构油封,wzfl961
wzfl969,061327,前桥油封,wzfl961
wzfl970,061328,后桥油封,wzfl961
wzfl971,061329,悬挂油封,wzfl961
wzfl972,061330,制动系油封,wzfl961
wzfl974,061400,通用油封,wzfl973
wzfl975,061401,发动机油封,wzfl973
wzfl976,061421,离合器油封,wzfl973
wzfl977,061423,变速器油封,wzfl973
wzfl978,061424,传动轴油封,wzfl973
wzfl979,061425,转向器油封,wzfl973
wzfl980,061426,转向器传动机构油封,wzfl973
wzfl981,061427,前桥油封,wzfl973
wzfl982,061428,后桥油封,wzfl973
wzfl983,061429,悬挂油封,wzfl973
wzfl984,061430,制动系油封,wzfl973
wzfl986,062100,通用油封,wzfl985
wzfl987,062101,发动机油封,wzfl985
wzfl988,062121,离合器油封,wzfl985
wzfl989,062123,变速器油封,wzfl985
wzfl990,062124,传动轴油封,wzfl985
wzfl991,062125,转向器油封,wzfl985
wzfl992,062126,转向器传动机构油封,wzfl985
wzfl993,062127,前桥油封,wzfl985
wzfl994,062128,后桥油封,wzfl985
wzfl995,062129,悬挂油封,wzfl985
wzfl996,062130,制动系油封,wzfl985
wzfl998,062200,通用油封,wzfl997
wzfl999,062201,发动机油封,wzfl997
wzfl1000,062221,离合器油封,wzfl997
wzfl1001,062223,变速器油封,wzfl997
wzfl1002,062224,传动轴油封,wzfl997
wzfl1003,062225,转向器油封,wzfl997
wzfl1004,062226,转向器传动机构油封,wzfl997
wzfl1005,062227,前桥油封,wzfl997
wzfl1006,062228,后桥油封,wzfl997
wzfl1007,062229,悬挂油封,wzfl997
wzfl1008,062230,制动系油封,wzfl997
wzfl1010,062300,通用油封,wzfl1009
wzfl1011,062301,发动机油封,wzfl1009
wzfl1012,062321,离合器油封,wzfl1009
wzfl1013,062323,变速器油封,wzfl1009
wzfl1014,062324,传动轴油封,wzfl1009
wzfl1015,062325,转向器油封,wzfl1009
wzfl1016,062326,转向器传动机构油封,wzfl1009
wzfl1017,062327,前桥油封,wzfl1009
wzfl1018,062328,后桥油封,wzfl1009
wzfl1019,062329,悬挂油封,wzfl1009
wzfl1020,062330,制动系油封,wzfl1009
wzfl1022,062400,通用油封,wzfl1021
wzfl1023,062401,发动机油封,wzfl1021
wzfl1024,062421,离合器油封,wzfl1021
wzfl1025,062423,变速器油封,wzfl1021
wzfl1026,062424,传动轴油封,wzfl1021
wzfl1027,062425,转向器油封,wzfl1021
wzfl1028,062426,转向器传动机构油封,wzfl1021
wzfl1029,062427,前桥油封,wzfl1021
wzfl1030,062428,后桥油封,wzfl1021
wzfl1031,062429,悬挂油封,wzfl1021
wzfl1032,062430,制动系油封,wzfl1021
wzfl1034,062500,通用油封,wzfl1033
wzfl1035,062501,发动机油封,wzfl1033
wzfl1036,062521,离合器油封,wzfl1033
wzfl1037,062523,变速器油封,wzfl1033
wzfl1038,062524,传动轴油封,wzfl1033
wzfl1039,062525,转向器油封,wzfl1033
wzfl1040,062526,转向器传动机构油封,wzfl1033
wzfl1041,062527,前桥油封,wzfl1033
wzfl1042,062528,后桥油封,wzfl1033
wzfl1043,062529,悬挂油封,wzfl1033
wzfl1044,062530,制动系油封,wzfl1033
wzfl1046,062600,通用油封,wzfl1045
wzfl1047,062601,发动机油封,wzfl1045
wzfl1048,062621,离合器油封,wzfl1045
wzfl1049,062623,变速器油封,wzfl1045
wzfl1050,062624,传动轴油封,wzfl1045
wzfl1051,062625,转向器油封,wzfl1045
wzfl1052,062626,转向器传动机构油封,wzfl1045
wzfl1053,062627,前桥油封,wzfl1045
wzfl1054,062628,后桥油封,wzfl1045
wzfl1055,062629,悬挂油封,wzfl1045
wzfl1056,062630,制动系油封,wzfl1045
wzfl1058,062700,通用油封,wzfl1057
wzfl1059,062701,发动机油封,wzfl1057
wzfl1060,062721,离合器油封,wzfl1057
wzfl1061,062723,变速器油封,wzfl1057
wzfl1062,062724,传动轴油封,wzfl1057
wzfl1063,062725,转向器油封,wzfl1057
wzfl1064,062726,转向器传动机构油封,wzfl1057
wzfl1065,062727,前桥油封,wzfl1057
wzfl1066,062728,后桥油封,wzfl1057
wzfl1067,062729,悬挂油封,wzfl1057
wzfl1068,062730,制动系油封,wzfl1057
wzfl1070,062800,通用油封,wzfl1069
wzfl1071,062801,发动机油封,wzfl1069
wzfl1072,062821,离合器油封,wzfl1069
wzfl1073,062823,变速器油封,wzfl1069
wzfl1074,062824,传动轴油封,wzfl1069
wzfl1075,062825,转向器油封,wzfl1069
wzfl1076,062826,转向器传动机构油封,wzfl1069
wzfl1077,062827,前桥油封,wzfl1069
wzfl1078,062828,后桥油封,wzfl1069
wzfl1079,062829,悬挂油封,wzfl1069
wzfl1080,062830,制动系油封,wzfl1069
wzfl1082,062900,通用油封,wzfl1081
wzfl1083,062901,发动机油封,wzfl1081
wzfl1084,062921,离合器油封,wzfl1081
wzfl1085,062923,变速器油封,wzfl1081
wzfl1086,062924,传动轴油封,wzfl1081
wzfl1087,062925,转向器油封,wzfl1081
wzfl1088,062926,转向器传动机构油封,wzfl1081
wzfl1089,062927,前桥油封,wzfl1081
wzfl1090,062928,后桥油封,wzfl1081
wzfl1091,062929,悬挂油封,wzfl1081
wzfl1092,062930,制动系油封,wzfl1081
wzfl1094,063000,通用油封,wzfl1093
wzfl1095,063001,发动机油封,wzfl1093
wzfl1096,063021,离合器油封,wzfl1093
wzfl1097,063023,变速器油封,wzfl1093
wzfl1098,063024,传动轴油封,wzfl1093
wzfl1099,063025,转向器油封,wzfl1093
wzfl1100,063026,转向器传动机构油封,wzfl1093
wzfl1101,063027,前桥油封,wzfl1093
wzfl1102,063028,后桥油封,wzfl1093
wzfl1103,063029,悬挂油封,wzfl1093
wzfl1104,063030,制动系油封,wzfl1093
wzfl1106,063100,通用油封,wzfl1105
wzfl1107,063101,发动机油封,wzfl1105
wzfl1108,063121,离合器油封,wzfl1105
wzfl1109,063123,变速器油封,wzfl1105
wzfl1110,063124,传动轴油封,wzfl1105
wzfl1111,063125,转向器油封,wzfl1105
wzfl1112,063126,转向器传动机构油封,wzfl1105
wzfl1113,063127,前桥油封,wzfl1105
wzfl1114,063128,后桥油封,wzfl1105
wzfl1115,063129,悬挂油封,wzfl1105
wzfl1116,063130,制动系油封,wzfl1105
wzfl1118,063200,通用油封,wzfl1117
wzfl1119,063201,发动机油封,wzfl1117
wzfl1120,063221,离合器油封,wzfl1117
wzfl1121,063223,变速器油封,wzfl1117
wzfl1122,063224,传动轴油封,wzfl1117
wzfl1123,063225,转向器油封,wzfl1117
wzfl1124,063226,转向器传动机构油封,wzfl1117
wzfl1125,063227,前桥油封,wzfl1117
wzfl1126,063228,后桥油封,wzfl1117
wzfl1127,063229,悬挂油封,wzfl1117
wzfl1128,063230,制动系油封,wzfl1117
wzfl1130,063300,通用油封,wzfl1129
wzfl1131,063301,发动机油封,wzfl1129
wzfl1132,063321,离合器油封,wzfl1129
wzfl1133,063323,变速器油封,wzfl1129
wzfl1134,063324,传动轴油封,wzfl1129
wzfl1135,063325,转向器油封,wzfl1129
wzfl1136,063326,转向器传动机构油封,wzfl1129
wzfl1137,063327,前桥油封,wzfl1129
wzfl1138,063328,后桥油封,wzfl1129
wzfl1139,063329,悬挂油封,wzfl1129
wzfl1140,063330,制动系油封,wzfl1129
wzfl1142,063400,通用油封,wzfl1141
wzfl1143,063401,发动机油封,wzfl1141
wzfl1144,063421,离合器油封,wzfl1141
wzfl1145,063423,变速器油封,wzfl1141
wzfl1146,063424,传动轴油封,wzfl1141
wzfl1147,063425,转向器油封,wzfl1141
wzfl1148,063426,转向器传动机构油封,wzfl1141
wzfl1149,063427,前桥油封,wzfl1141
wzfl1150,063428,后桥油封,wzfl1141
wzfl1151,063429,悬挂油封,wzfl1141
wzfl1152,063430,制动系油封,wzfl1141
wzfl1154,063500,通用油封,wzfl1153
wzfl1155,063501,发动机油封,wzfl1153
wzfl1156,063521,离合器油封,wzfl1153
wzfl1157,063523,变速器油封,wzfl1153
wzfl1158,063524,传动轴油封,wzfl1153
wzfl1159,063525,转向器油封,wzfl1153
wzfl1160,063526,转向器传动机构油封,wzfl1153
wzfl1161,063527,前桥油封,wzfl1153
wzfl1162,063528,后桥油封,wzfl1153
wzfl1163,063529,悬挂油封,wzfl1153
wzfl1164,063530,制动系油封,wzfl1153
wzfl1166,063600,通用油封,wzfl1165
wzfl1167,063601,发动机油封,wzfl1165
wzfl1168,063621,离合器油封,wzfl1165
wzfl1169,063623,变速器油封,wzfl1165
wzfl1170,063624,传动轴油封,wzfl1165
wzfl1171,063625,转向器油封,wzfl1165
wzfl1172,063626,转向器传动机构油封,wzfl1165
wzfl1173,063627,前桥油封,wzfl1165
wzfl1174,063628,后桥油封,wzfl1165
wzfl1175,063629,悬挂油封,wzfl1165
wzfl1176,063630,制动系油封,wzfl1165
wzfl1178,063700,通用油封,wzfl1177
wzfl1179,063701,发动机油封,wzfl1177
wzfl1180,063721,离合器油封,wzfl1177
wzfl1181,063723,变速器油封,wzfl1177
wzfl1182,063724,传动轴油封,wzfl1177
wzfl1183,063725,转向器油封,wzfl1177
wzfl1184,063726,转向器传动机构油封,wzfl1177
wzfl1185,063727,前桥油封,wzfl1177
wzfl1186,063728,后桥油封,wzfl1177
wzfl1187,063729,悬挂油封,wzfl1177
wzfl1188,063730,制动系油封,wzfl1177
wzfl1191,070000,通用轴承,wzfl1190
wzfl1196,100101,钢丝钳,wzfl1195
wzfl1197,100102,鲤鱼钳,wzfl1195
wzfl1198,100103,尖嘴钳,wzfl1195
wzfl1199,100104,弯嘴钳,wzfl1195
wzfl1200,100105,斜口钳,wzfl1195
wzfl1201,100106,挡圈钳,wzfl1195
wzfl1202,100107,断线钳,wzfl1195
wzfl1203,100108,铅印钳,wzfl1195
wzfl1204,100109,剥线钳,wzfl1195
wzfl1206,100201,双呆头板手,wzfl1205
wzfl1207,100202,单只双头呆扳手,wzfl1205
wzfl1208,100203,梅花板手,wzfl1205
wzfl1209,100204,两用扳手,wzfl1205
wzfl1210,100205,套筒扳手,wzfl1205
wzfl1211,100206,活动扳手,wzfl1205
wzfl1212,100207,内六角板手,wzfl1205
wzfl1213,100208,钩型扳手,wzfl1205
wzfl1214,100209,丝锥扳手,wzfl1205
wzfl1215,100210,圆板牙扳手,wzfl1205
wzfl1216,100211,其它扳手,wzfl1205
wzfl1218,100301,一字型螺钉旋具,wzfl1217
wzfl1219,100302,十字型螺钉旋具,wzfl1217
wzfl1220,100303,多用螺钉旋具,wzfl1217
wzfl1221,100304,自动螺钉旋具,wzfl1217
wzfl1222,100305,夹柄螺钉旋具,wzfl1217
wzfl1224,100401,齐头扁锉,wzfl1223
wzfl1225,100402,尖头扁锉,wzfl1223
wzfl1226,100403,方锉,wzfl1223
wzfl1227,100404,三角锉,wzfl1223
wzfl1228,100405,半口锉,wzfl1223
wzfl1229,100406,圆锉,wzfl1223
wzfl1230,100407,什锦锉,wzfl1223
wzfl1231,100408,三角锯锉,wzfl1223
wzfl1232,100409,菱形锉,wzfl1223
wzfl1233,100410,刀锉,wzfl1223
wzfl1234,100411,锡锉,wzfl1223
wzfl1235,100412,铝锉,wzfl1223
wzfl1237,100501,普通螺纹丝锥,wzfl1236
wzfl1238,100502,普通螺纹细牙丝锥,wzfl1236
wzfl1239,100503,英寸制丝锥,wzfl1236
wzfl1241,100601,普通螺纹板牙,wzfl1240
wzfl1242,100602,普通螺纹细牙板牙,wzfl1240
wzfl1243,100603,英寸制板牙,wzfl1240
wzfl1244,100604,管螺纹板牙,wzfl1240
wzfl1246,100701,焊条,wzfl1245
wzfl1247,100702,焊丝,wzfl1245
wzfl1248,100703,其它,wzfl1245
wzfl1258,110101,钢直尺,wzfl1257
wzfl1259,110102,钢卷尺,wzfl1257
wzfl1260,110103,游标卡尺,wzfl1257
wzfl1261,110104,深度游标卡尺,wzfl1257
wzfl1262,110105,高度游标卡尺,wzfl1257
wzfl1263,110106,齿厚游标卡尺,wzfl1257
wzfl1264,110107,外径百分尺,wzfl1257
wzfl1265,110108,外径千分尺,wzfl1257
wzfl1266,110109,其它尺类,wzfl1257
wzfl1268,110201,百分表,wzfl1267
wzfl1269,110202,内径百分表,wzfl1267
wzfl1270,110203,千分表,wzfl1267
wzfl1271,110204,其它表,wzfl1267
wzfl1274,110401,转数表,wzfl1273
wzfl1275,110402,真空表,wzfl1273
wzfl1276,110403,压力真空表,wzfl1273
wzfl1277,110404,万用电表,wzfl1273
wzfl1278,110405,其它测表,wzfl1273
wzfl1280,110501,外卡钳,wzfl1279
wzfl1281,110502,内卡钳,wzfl1279
wzfl1282,110503,台秤,wzfl1279
wzfl1283,110504,案秤,wzfl1279
wzfl1284,110505,自动秤,wzfl1279
wzfl1287,120101,直柄麻花钻,wzfl1286
wzfl1288,120102,锥柄麻花钻,wzfl1286
wzfl1289,120103,其它钻,wzfl1286
wzfl1291,120201,直柄手用铰刀,wzfl1290
wzfl1292,120202,可调节手用铰刀,wzfl1290
wzfl1293,120203,机用直柄铰刀,wzfl1290
wzfl1294,120204,机用锥柄铰刀,wzfl1290
wzfl1295,120205,其它铰刀,wzfl1290
wzfl1297,120301,立铣刀,wzfl1296
wzfl1298,120302,锯片铣刀,wzfl1296
wzfl1299,120303,其它铣刀,wzfl1296
wzfl1301,120401,高速钢切片刀片,wzfl1300
wzfl1302,120402,硬质合金刀片,wzfl1300
wzfl1303,120403,其它刀片,wzfl1300
wzfl1305,120501,平形砂轮,wzfl1304
wzfl1306,120502,其它砂轮,wzfl1304
wzfl1307,120503,木砂纸,wzfl1304
wzfl1308,120504,水砂纸,wzfl1304
wzfl1309,120505,砂布,wzfl1304
wzfl1340,310401,发动机总成,wzfl1339
wzfl1341,310402,气缸体,wzfl1339
wzfl1342,310403,气缸盖总成,wzfl1339
wzfl1343,310404,曲轴连杆机构,wzfl1339
wzfl1344,310405,配气机构,wzfl1339
wzfl1345,310406,供油系,wzfl1339
wzfl1346,310407,润滑系,wzfl1339
wzfl1347,310408,冷却系,wzfl1339
wzfl1348,310409,油门联动机构,wzfl1339
wzfl1349,310410,点火系,wzfl1339
wzfl1350,310411,增压器总成,wzfl1339
wzfl1402,130000,通用五金,wzfl1401
wzfl1404,140000,通用电子材料,wzfl1403
wzfl1406,150000,通用螺母,wzfl1405
wzfl1408,170000,通用弹簧垫,wzfl1407
wzfl1410,180000,通用平垫,wzfl1409
wzfl1412,190000,通用开口销,wzfl1411
wzfl1414,200000,通用键销,wzfl1413
wzfl1416,210000,通用铝材,wzfl1415
wzfl1418,220000,通用木材,wzfl1417
wzfl1420,230000,通用蓄电池,wzfl1419
wzfl1422,240000,通用钢材,wzfl1421
wzfl1424,250000,通用铜材,wzfl1423
wzfl1426,,化工,wzfl1425
wzfl1428,270000,油漆,wzfl1427
wzfl1430,280000,设备,wzfl1429
wzfl1459,330000,铆钉,wzfl1458
wzfl1461,340000,垫子,wzfl1460
wzfl1463,350000,机加工件,wzfl1462
wzfl1465,360000,冲压件,wzfl1464
wzfl1469,010001,发动机总成,wzfl1468
wzfl1470,010002,气缸体,wzfl1468
wzfl1471,010003,气缸盖总成,wzfl1468
wzfl1474,010004,曲轴连杆机构,wzfl1468
wzfl1480,010005,配气机构,wzfl1468
wzfl1481,010006,供油系,wzfl1468
wzfl1482,010007,润滑系,wzfl1468
wzfl1483,010008,冷却系,wzfl1468
wzfl1484,010009,油门联动机构,wzfl1468
wzfl1485,010010,点火系,wzfl1468
wzfl1486,010011,增压器,wzfl1468
wzfl1488,020021,离合器,wzfl1487
wzfl1489,020022,离合器操纵机构,wzfl1487
wzfl1490,020023,变速器,wzfl1487
wzfl1491,020024,传动轴,wzfl1487
wzfl1492,020025,转向器,wzfl1487
wzfl1493,020026,转向器传动机构,wzfl1487
wzfl1494,020027,前桥,wzfl1487
wzfl1495,020028,后桥,wzfl1487
wzfl1496,020029,悬挂,wzfl1487
wzfl1497,020030,制动系,wzfl1487
wzfl1499,030081,发电机,wzfl1498
wzfl1500,030082,起动机,wzfl1498
wzfl1501,030083,灯具,wzfl1498
wzfl1502,030084,仪表,wzfl1498
wzfl1503,030085,驾驶室风扇,wzfl1498
wzfl1504,030086,pos机,wzfl1498
wzfl1512,040064,车身内外附件,wzfl1508
wzfl1515,024121,离合器,wzfl1514
wzfl1516,024122,离合器操纵机构,wzfl1514
wzfl1517,024123,变速器,wzfl1514
wzfl1519,024124,传动轴,wzfl1514
wzfl1520,024125,转向器,wzfl1514
wzfl1521,024126,转向器传动机构,wzfl1514
wzfl1522,024131,悬挂,wzfl1514
wzfl1523,024128,后桥,wzfl1514
wzfl1525,024130,制动系,wzfl1514
wzfl1527,080064,门窗、路牌挡风玻璃,wzfl1526
wzfl1530,090066,门窗玻璃,wzfl1529
wzfl1532,320064,门泵,wzfl1531
wzfl1533,080446,侧窗泥槽,wzfl1528
wzfl1536,023826,转向传动机构,wzfl406
wzfl1538,046164,车身内外附件,wzfl1537
wzfl1539,046166,车厢玻璃,wzfl1537
wzfl1541,046264,车身内外附件,wzfl1540
wzfl1542,046266,车厢玻璃,wzfl1540
wzfl1551,038381,发电机,wzfl1549
wzfl1552,038382,起动机,wzfl1549
wzfl1553,038383,灯具,wzfl1549
wzfl1554,038384,仪表,wzfl1549
wzfl1555,038385,架驶室风扇,wzfl1549
wzfl1558,038481,发电机,wzfl1550
wzfl1559,038482,起动机,wzfl1550
wzfl1560,038483,灯具,wzfl1550
wzfl1561,038484,仪表,wzfl1550
wzfl1562,038485,架驶室风扇,wzfl1550
wzfl1584,024221,离合器,wzfl1582
wzfl1587,024222,离合器操纵机构,wzfl1582
wzfl1588,024223,变速器,wzfl1582
wzfl1589,024224,传动轴,wzfl1582
wzfl1590,024225,转向器,wzfl1582
wzfl1591,024226,转向器传动机构,wzfl1582
wzfl1592,024227,前桥,wzfl1582
wzfl1593,024228,后桥,wzfl1582
wzfl1594,024229,悬挂,wzfl1582
wzfl1595,024230,制动系,wzfl1582
wzfl1603,024321,离合器,wzfl1601
wzfl1604,024322,离合器操纵机构,wzfl1601
wzfl1605,024323,变速器,wzfl1601
wzfl1606,024324,传动轴,wzfl1601
wzfl1607,024325,转向器,wzfl1601
wzfl1608,024326,转向器传动机构,wzfl1601
wzfl1609,024327,前桥,wzfl1601
wzfl1610,024328,后桥,wzfl1601
wzfl1611,024329,悬挂,wzfl1601
wzfl1612,024330,制动系,wzfl1601
wzfl1613,0244,运钞车-LQG5041XYC,wzfl1728
wzfl1632,038581,发电机,wzfl1631
wzfl1633,038582,起动机,wzfl1631
wzfl1634,038583,灯具,wzfl1631
wzfl1635,038584,仪表,wzfl1631
wzfl1695,011901,发动机总成,wzfl1692
wzfl1696,011902,气缸体,wzfl1692
wzfl1697,011903,气缸盖总成,wzfl1692
wzfl1698,011904,曲轴连杆机构,wzfl1692
wzfl1699,011905,配气机构,wzfl1692
wzfl1700,011906,供油系,wzfl1692
wzfl1701,011907,润滑系,wzfl1692
wzfl1702,011908,冷却系,wzfl1692
wzfl1703,011909,油门连动机构,wzfl1692
wzfl1704,011910,点火系,wzfl1692
wzfl1705,011911,增压器总成,wzfl1692
wzfl1717,012001,发动机总成,wzfl1715
wzfl1719,012002,气缸体,wzfl1715
wzfl1720,012003,气缸盖总成,wzfl1715
wzfl1721,012004,曲轴连杆机构,wzfl1715
wzfl1722,012005,配气机构,wzfl1715
wzfl1723,012006,供油系,wzfl1715
wzfl1724,012007,润滑系,wzfl1715
wzfl1725,012008,冷却系,wzfl1715
wzfl1726,012009,油门连动机构,wzfl1715
wzfl1727,012010,增压器总成及附件,wzfl1715
wzfl1729,024521,离合器,wzfl1728
wzfl1730,024522,离合器操纵机构,wzfl1728
wzfl1731,024523,变速器,wzfl1728
wzfl1732,024524,传动轴,wzfl1728
wzfl1733,024525,转向器,wzfl1728
wzfl1734,024526,转向器传动机构,wzfl1728
wzfl1735,024527,前桥,wzfl1728
wzfl1736,024528,后桥,wzfl1728
wzfl1737,024529,悬挂,wzfl1728
wzfl1738,024530,制动系,wzfl1728
wzfl1742,030087,开关,wzfl1498
wzfl1744,030088,其他,wzfl1498
wzfl1745,036190,开关,wzfl440
wzfl1746,036191,其他,wzfl440
wzfl1747,036290,开关,wzfl450
wzfl1748,036291,其他,wzfl450
wzfl1749,036390,开关,wzfl460
wzfl1750,036391,其他,wzfl460
wzfl1751,036490,开关,wzfl470
wzfl1752,036491,其他,wzfl470
wzfl1753,036590,开关,wzfl480
wzfl1754,036591,其他,wzfl480
wzfl1755,036690,开关,wzfl490
wzfl1756,036691,其他,wzfl490
wzfl1757,037490,开关,wzfl570
wzfl1758,037491,其他,wzfl570
wzfl1759,037690,开关,wzfl590
wzfl1760,037691,其他,wzfl590
wzfl1763,037990,开关,wzfl610
wzfl1764,037991,其他,wzfl610
wzfl1765,038090,开关,wzfl630
wzfl1766,038091,其他,wzfl630
wzfl1767,038190,开关,wzfl640
wzfl1768,038191,其他,wzfl640
wzfl1769,038290,开关,wzfl650
wzfl1770,038291,其他,wzfl650
wzfl1771,038386,开关,wzfl1549
wzfl1772,038387,其他,wzfl1549
wzfl1773,038486,开关,wzfl1550
wzfl1774,038487,其他,wzfl1550
wzfl1775,038585,开关,wzfl1631
wzfl1776,038586,其他,wzfl1631
wzfl1805,024621,离合器,wzfl1803
wzfl1806,024622,离合器操纵机构,wzfl1803
wzfl1808,024623,变速器,wzfl1803
wzfl1809,024624,传动轴,wzfl1803
wzfl1810,024625,转向器,wzfl1803
wzfl1811,024626,转向器传动机构,wzfl1803
wzfl1812,024627,前桥,wzfl1803
wzfl1813,024628,后桥,wzfl1803
wzfl1814,024629,悬挂,wzfl1803
wzfl1815,024630,制动系,wzfl1803
wzfl1817,024721,离合器,wzfl1816
wzfl1819,024722,离合器操纵机构,wzfl1816
wzfl1820,024723,变速器,wzfl1816
wzfl1821,024724,传动轴,wzfl1816
wzfl1822,024725,转向器,wzfl1816
wzfl1823,024726,转向器传动机构,wzfl1816
wzfl1824,024727,前桥,wzfl1816
wzfl1825,024728,后桥,wzfl1816
wzfl1826,024729,悬挂,wzfl1816
wzfl1827,024730,制动系,wzfl1816
wzfl1830,038681,发电机,wzfl1829
wzfl1831,038682,起动机,wzfl1829
wzfl1832,038683,灯具,wzfl1829
wzfl1833,038684,仪表,wzfl1829
wzfl1834,038685,开关,wzfl1829
wzfl1835,038686,其他,wzfl1829
wzfl1839,038781,发电机,wzfl1838
wzfl1840,038782,起动机,wzfl1838
wzfl1841,038783,灯具,wzfl1838
wzfl1842,038784,仪表,wzfl1838
wzfl1843,038785,开关,wzfl1838
wzfl1844,038786,其他,wzfl1838
wzfl1846,046363,内外蒙,wzfl1845
wzfl1847,046364,车身内外附件,wzfl1845
wzfl1848,046365,地板,wzfl1845
wzfl1849,046366,车厢玻璃,wzfl1845
wzfl1852,012201,发动机总成,wzfl1851
wzfl1853,012101,发动机总成,wzfl1850
wzfl1854,012102,气缸体,wzfl1850
wzfl1855,012103,气缸盖总成,wzfl1850
wzfl1856,012104,曲轴连杆机构,wzfl1850
wzfl1857,012105,配气机构,wzfl1850
wzfl1858,012106,供油系,wzfl1850
wzfl1859,012107,润滑系,wzfl1850
wzfl1860,012108,冷却系,wzfl1850
wzfl1861,012109,油门连动机构,wzfl1850
wzfl1862,012110,点火系,wzfl1850
wzfl1863,012111,增压器总成,wzfl1850
wzfl1864,012202,气缸体,wzfl1851
wzfl1865,012203,气缸盖总成,wzfl1851
wzfl1866,012204,曲轴连杆机构,wzfl1851
wzfl1867,012205,配气机构,wzfl1851
wzfl1868,012206,供油系,wzfl1851
wzfl1869,012207,润滑系,wzfl1851
wzfl1870,012208,冷却系,wzfl1851
wzfl1871,012209,油门连动机构,wzfl1851
wzfl1872,012210,点火系,wzfl1851
wzfl1873,012211,增压器总成,wzfl1851
wzfl1875,046463,内外蒙,wzfl1874
wzfl1876,046464,车身内外附件,wzfl1874
wzfl1877,046465,地板,wzfl1874
wzfl1878,046466,车厢玻璃,wzfl1874
wzfl1880,024821,离合器总成,wzfl1879
wzfl1881,024822,离合器操纵机构,wzfl1879
wzfl1882,024823,变速器及操纵机构,wzfl1879
wzfl1883,024824,传动轴,wzfl1879
wzfl1884,024825,转向器,wzfl1879
wzfl1885,024826,转向器传动机构,wzfl1879
wzfl1886,024827,前桥,wzfl1879
wzfl1887,024828,后桥,wzfl1879
wzfl1888,024829,悬挂,wzfl1879
wzfl1889,024830,制动系,wzfl1879
wzfl1900,038881,发电机,wzfl1899
wzfl1901,038882,起动机,wzfl1899
wzfl1902,038883,灯具,wzfl1899
wzfl1903,038884,仪表,wzfl1899
wzfl1904,038885,开关,wzfl1899
wzfl1905,038886,其他,wzfl1899
wzfl1909,012301,发动机总成,wzfl1908
wzfl1910,012302,气缸体,wzfl1908
wzfl1911,012303,气缸盖总成,wzfl1908
wzfl1912,012304,曲轴连杆机构,wzfl1908
wzfl1913,012305,配气机构,wzfl1908
wzfl1914,012306,供油系,wzfl1908
wzfl1915,012307,润滑系,wzfl1908
wzfl1916,012308,冷却系,wzfl1908
wzfl1917,012309,油门连动机构,wzfl1908
wzfl1918,012310,增压器总成及附件,wzfl1908
wzfl1920,012401,发动机总成,wzfl1919
wzfl1921,012402,气缸体,wzfl1919
wzfl1922,012403,气缸盖总成,wzfl1919
wzfl1923,012404,曲轴连杆机构,wzfl1919
wzfl1924,012405,配气机构,wzfl1919
wzfl1925,012406,供油系,wzfl1919
wzfl1926,012407,润滑系,wzfl1919
wzfl1927,012408,冷却系,wzfl1919
wzfl1928,012409,油门连动机构,wzfl1919
wzfl1929,012410,增压器总成及附件,wzfl1919
wzfl1931,038981,发电机,wzfl1930
wzfl1932,038982,起动机,wzfl1930
wzfl1934,038983,灯具,wzfl1930
wzfl1935,038984,仪表,wzfl1930
wzfl1936,038985,开关,wzfl1930
wzfl1937,038986,其它,wzfl1930
wzfl1941,039081,发电机,wzfl1940
wzfl1942,039082,起动机,wzfl1940
wzfl1943,039083,灯具,wzfl1940
wzfl1944,039084,仪表,wzfl1940
wzfl1945,039085,开关,wzfl1940
wzfl1946,039086,其他,wzfl1940
wzfl1953,024921,离合器,wzfl1952
wzfl1954,024922,离合器操纵机构,wzfl1952
wzfl1955,024923,变速器,wzfl1952
wzfl1956,024924,传动轴,wzfl1952
wzfl1957,024925,转向器,wzfl1952
wzfl1958,024926,转向器传动机构,wzfl1952
wzfl1959,024927,前桥,wzfl1952
wzfl1960,024928,后桥,wzfl1952
wzfl1961,024929,悬挂,wzfl1952
wzfl1962,024930,制动系,wzfl1952
wzfl1982,063800,通用油封,wzfl1981
wzfl1983,063801,发动机油封,wzfl1981
wzfl1989,100306,其它螺钉旋具,wzfl1217
wzfl1991,063900,通用油封,wzfl1990
wzfl1992,063901,发动机油封,wzfl1990
wzfl1993,063921,离合器油封,wzfl1990
wzfl1994,063923,变速器油封,wzfl1990
wzfl1995,063924,传动轴油封,wzfl1990
wzfl1996,063925,转向器油封,wzfl1990
wzfl1997,063926,转向器传动机构油封,wzfl1990
wzfl1998,063927,前桥油封,wzfl1990
wzfl2000,063929,悬挂油封,wzfl1990
wzfl2001,063930,制动油封,wzfl1990
wzfl2004,090067,遮阳膜,wzfl1529
wzfl2006,039181,发电机,wzfl2005
wzfl2007,039182,起动机,wzfl2005
wzfl2009,039183,灯具,wzfl2005
wzfl2012,039185,开关,wzfl2005
wzfl2015,100110,其他,wzfl1195
wzfl2017,025021,离合器,wzfl2016
wzfl2018,025022,离合器操纵机构,wzfl2016
wzfl2020,025023,变速器,wzfl2016
wzfl2022,025024,传动轴,wzfl2016
wzfl2024,025025,转向器,wzfl2016
wzfl2025,025026,转向器传动机构,wzfl2016
wzfl2026,025027,前桥,wzfl2016
wzfl2027,025028,后桥,wzfl2016
wzfl2028,025029,悬挂,wzfl2016
wzfl2029,025030,制动系,wzfl2016
wzfl2031,025121,离合器,wzfl2030
wzfl2032,025122,离合器操纵机构,wzfl2030
wzfl2033,025123,变速器,wzfl2030
wzfl2034,025124,传动轴,wzfl2030
wzfl2035,025125,转向器,wzfl2030
wzfl2036,025126,转向器传动机构,wzfl2030
wzfl2037,025127,前桥,wzfl2030
wzfl2038,025128,后桥,wzfl2030
wzfl2039,025129,悬挂,wzfl2030
wzfl2040,025130,制动系,wzfl2030
wzfl2042,039186,其他,wzfl2005
wzfl2043,039184,仪表,wzfl2005
wzfl2045,012501,发动机总成,wzfl2044
wzfl2046,012502,汽缸体,wzfl2044
wzfl2047,012503,汽缸盖总成,wzfl2044
wzfl2048,012504,曲轴连杆机构,wzfl2044
wzfl2049,012505,配气机构,wzfl2044
wzfl2050,012506,供油系,wzfl2044
wzfl2051,012507,润滑系,wzfl2044
wzfl2052,012508,冷却系,wzfl2044
wzfl2053,012509,油门联动机构,wzfl2044
wzfl2054,012510,点火系,wzfl2044
wzfl2055,012511,增压器总成,wzfl2044
wzfl2057,046563,内外蒙,wzfl2056
wzfl2058,046564,车身内外附件,wzfl2056
wzfl2060,046565,地板,wzfl2056
wzfl2061,046566,车厢玻璃,wzfl2056
wzfl2062,037290,其他,wzfl550
wzfl2063,024127,前桥,wzfl1514
wzfl2065,046663,内外蒙,wzfl2064
wzfl2066,046664,车身内外附件,wzfl2064
wzfl2067,046665,地板,wzfl2064
wzfl2070,046763,内外蒙,wzfl2069
wzfl2071,046764,车身内外附件,wzfl2069
wzfl2072,046765,地板,wzfl2069
wzfl2077,039281,发电机,wzfl2076
wzfl2078,039282,起动机,wzfl2076
wzfl2080,039283,灯具,wzfl2076
wzfl2081,039284,仪表,wzfl2076
wzfl2082,039285,开关,wzfl2076
wzfl2083,039286,其他,wzfl2076
wzfl2087,038388,其他1,wzfl1549
wzfl2089,013008,冷却系,wzfl2088
wzfl135,011201,发动机总成,wzfl134
wzfl136,011202,气缸体,wzfl134
wzfl137,011203,气缸盖总成,wzfl134
wzfl138,011204,曲轴连杆机构,wzfl134
wzfl139,011205,配气机构,wzfl134
wzfl140,011206,供油系,wzfl134
wzfl141,011207,润滑系,wzfl134
wzfl142,011208,冷却系,wzfl134
wzfl143,011209,油门联动机构,wzfl134
wzfl144,011210,点火系,wzfl134
wzfl145,011211,增压器总成,wzfl134
wzfl220,022121,离合器,wzfl219
wzfl221,022122,离合器操纵机构,wzfl219
wzfl222,022123,变速器,wzfl219
wzfl223,022124,传动轴,wzfl219
wzfl224,022125,转向器,wzfl219
wzfl225,022126,转向器传动机构,wzfl219
wzfl226,022127,前桥,wzfl219
wzfl227,022128,后桥,wzfl219
wzfl228,022129,悬挂,wzfl219
wzfl229,022130,制动系,wzfl219
wzfl414,023828,后桥,wzfl415
wzfl601,037781,发电机,wzfl600
wzfl602,037782,起动机,wzfl600
wzfl603,037783,灯具,wzfl600
wzfl604,037784,仪表,wzfl600
wzfl605,037785,驾驶室风扇,wzfl600
wzfl606,037786,POS机,wzfl600
wzfl607,037787,后门监视器,wzfl600
wzfl608,037788,报站器,wzfl600
wzfl609,037789,电子显示屏,wzfl600
wzfl621,037981,发电机,wzfl620
wzfl622,037982,起动机,wzfl620
wzfl623,037983,灯具,wzfl620
wzfl624,037984,仪表,wzfl620
wzfl625,037985,驾驶室风扇,wzfl620
wzfl626,037986,POS机,wzfl620
wzfl627,037987,后门监视器,wzfl620
wzfl628,037988,报站器,wzfl620
wzfl629,037989,电子显示屏,wzfl620
wzfl788,045961,底架部分,wzfl787
wzfl789,045962,骨架部分,wzfl787
wzfl790,045963,内外蒙,wzfl787
wzfl791,045964,车身内外附件,wzfl787
wzfl792,045965,地板,wzfl787
wzfl793,045966,车厢玻璃,wzfl787
wzfl803,050000,通用皮带,wzfl802
wzfl1524,024129,悬挂,wzfl1522
wzfl1619,024421,离合器,wzfl1613
wzfl1622,024422,离合器操纵机构,wzfl1613
wzfl1623,024423,变速器,wzfl1613
wzfl1624,024424,传动轴,wzfl1613
wzfl1625,024425,转向器,wzfl1613
wzfl1626,024426,转向器传动机构,wzfl1613
wzfl1627,024427,前桥,wzfl1613
wzfl1628,024428,后桥,wzfl1613
wzfl1629,024429,悬挂,wzfl1613
wzfl1630,024430,制动系,wzfl1613
wzfl1761,037790,开关,wzfl600
wzfl1762,037791,其他,wzfl600
wzfl1999,063928,后桥油封,wzfl2000